{
  "DateTimeSpanExtensions.RelativeFormatStringsLong": {
    "message": "172800,{0:%d} days ago\n86400,yesterday\n7200,{0:%h} hours ago\n3600,an hour ago\n120,{0:%m} minutes ago\n60,a minute ago\n2,{0:%s} seconds ago\n1,a second ago\n-Infinity,just now",
    "description": "DateTimeSpanExtensions.LocRelativePastLong"
  },
  "DateTimeSpanExtensions.RelativeFormatStringsShort": {
    "message": "86400,{0:%d}d\n3600,{0:%h}h\n60,{0:%m}m\n1,{0:%s}s\n-Infinity,now",
    "description": "DateTimeSpanExtensions.LocRelativePastShort"
  },
  "DalamudInstallerPluginChangelogHelp": {
    "message": "Open plugin changelogs",
    "description": "PluginManager.PrintUpdatedPlugins"
  },
  "DalamudPluginUpdateSuccessful": {
    "message": "    {0} atualizado para v{1}.",
    "description": "Locs.DalamudPluginUpdateSuccessful"
  },
  "DalamudPluginUpdateFailed": {
    "message": "    》 {0} update to v{1} failed ({2}).",
    "description": "Locs.DalamudPluginUpdateFailed"
  },
  "InstallerUpdateStatusPending": {
    "message": "Pending",
    "description": "PluginUpdateStatus.LocalizeUpdateStatusKind"
  },
  "InstallerUpdateStatusFailedDownload": {
    "message": "Download failed",
    "description": "PluginUpdateStatus.LocalizeUpdateStatusKind"
  },
  "InstallerUpdateStatusFailedUnload": {
    "message": "Unload failed",
    "description": "PluginUpdateStatus.LocalizeUpdateStatusKind"
  },
  "InstallerUpdateStatusFailedLoad": {
    "message": "Load failed",
    "description": "PluginUpdateStatus.LocalizeUpdateStatusKind"
  },
  "InstallerUpdateStatusSuccess": {
    "message": "Success",
    "description": "PluginUpdateStatus.LocalizeUpdateStatusKind"
  },
  "ProfileCommandsEnableHint": {
    "message": "Enable a collection. Usage: /xlenablecollection \"Collection Name\"",
    "description": "ProfileCommandHandler..ctor"
  },
  "ProfileCommandsDisableHint": {
    "message": "Disable a collection. Usage: /xldisablecollection \"Collection Name\"",
    "description": "ProfileCommandHandler..ctor"
  },
  "ProfileCommandsToggleHint": {
    "message": "Toggle a collection. Usage: /xltogglecollection \"Collection Name\"",
    "description": "ProfileCommandHandler..ctor"
  },
  "ProfileCommandsEnabling": {
    "message": "Enabling collection \"{0}\"...",
    "description": "ProfileCommandHandler.FrameworkOnUpdate"
  },
  "ProfileCommandsDisabling": {
    "message": "Disabling collection \"{0}\"...",
    "description": "ProfileCommandHandler.FrameworkOnUpdate"
  },
  "ProfileCommandsApplyFailed": {
    "message": "Failed to apply your collections. Please check the console for errors.",
    "description": "ProfileCommandHandler.<FrameworkOnUpdate>b__14_1"
  },
  "ProfileCommandsApplySuccess": {
    "message": "Collections applied.",
    "description": "ProfileCommandHandler.<FrameworkOnUpdate>b__14_1"
  },
  "PluginProfilesNewProfile": {
    "message": "New Collection",
    "description": "ProfileManager.AddNewProfile"
  },
  "WindowSystemContextActionPin": {
    "message": "Pin Window",
    "description": "Window.DrawInternal"
  },
  "WindowSystemContextActionClickthrough": {
    "message": "Make clickthrough",
    "description": "Window.DrawInternal"
  },
  "WindowSystemContextActionAlpha": {
    "message": "Opacity",
    "description": "Window.DrawInternal"
  },
  "WindowSystemContextActionReset": {
    "message": "Reset",
    "description": "Window.DrawInternal"
  },
  "WindowSystemContextActionClickthroughDisclaimer": {
    "message": "Open this menu again to disable clickthrough.",
    "description": "Window.DrawInternal"
  },
  "WindowSystemContextActionDisclaimer": {
    "message": "These options may not work for all plugins at the moment.",
    "description": "Window.DrawInternal"
  },
  "WindowSystemContextActionViewportDisclaimer": {
    "message": "These features are only available if this window is inside the game window.",
    "description": "Window.DrawInternal"
  },
  "DalamudUnloadHelp": {
    "message": "Desinjeta o addon do XIVLauncher do jogo.",
    "description": "DalamudCommands..ctor"
  },
  "DalamudCmdInfoHelp": {
    "message": "Shows list of commands available. If an argument is provided, shows help for that command.",
    "description": "DalamudCommands..ctor"
  },
  "DalamudMuteHelp": {
    "message": "Silencia uma palavra ou frase no chat. Uso: /xlmute <palavra ou frase>",
    "description": "DalamudCommands..ctor"
  },
  "DalamudMuteListHelp": {
    "message": "Lista palavras ou frases silenciadas.",
    "description": "DalamudCommands..ctor"
  },
  "DalamudUnmuteHelp": {
    "message": "Deixar de silenciar uma palavra ou frase. Uso: /xlunmute <palavra ou frase>",
    "description": "DalamudCommands..ctor"
  },
  "DalamudLastLinkHelp": {
    "message": "Abre o último link publicado em seu navegador padrão.",
    "description": "DalamudCommands..ctor"
  },
  "DalamudBgmSetHelp": {
    "message": "Define a música de fundo do jogo. Uso: /xlbgmset <BGM ID>",
    "description": "DalamudCommands..ctor"
  },
  "DalamudDevMenuHelp": {
    "message": "Mostrar o menu de DEBUG de desenvolvedor",
    "description": "DalamudCommands..ctor"
  },
  "DalamudPluginStats": {
    "message": "Draw plugin statistics window",
    "description": "DalamudCommands..ctor"
  },
  "DalamudBranchSwitcher": {
    "message": "Draw branch switcher",
    "description": "DalamudCommands..ctor"
  },
  "DalamudDevDataMenuHelp": {
    "message": "Mostrar o menu de DEBUG de desenvolvedor. Uso: /xldata [Data Dropdown Type]",
    "description": "DalamudCommands..ctor"
  },
  "DalamudDevLogHelp": {
    "message": "Abrir o DEBUG log de dev",
    "description": "DalamudCommands..ctor"
  },
  "DalamudInstallerHelp": {
    "message": "Abrir o instalador de plugins",
    "description": "DalamudCommands..ctor"
  },
  "DalamudLanguageHelp": {
    "message": "Define o idioma para o Dalamud e para plugins que têm suporte. Idiomas disponíveis: ",
    "description": "DalamudCommands..ctor"
  },
  "DalamudSettingsHelp": {
    "message": "Altera várias configurações de Addons in-game jogo, como canais de chat e a configuração do bot do Discord.",
    "description": "DalamudCommands..ctor"
  },
  "DalamudUiModeHelp": {
    "message": "Toggle Dalamud UI display modes. Native UI modifications may also be affected by this, but that depends on the plugin.",
    "description": "DalamudCommands..ctor"
  },
  "DalamudProfilerHelp": {
    "message": "Open Dalamud's startup timing profiler.",
    "description": "DalamudCommands..ctor"
  },
  "DalamudCmdHelpAvailable": {
    "message": "Comandos disponíveis:",
    "description": "DalamudCommands.OnHelpCommand"
  },
  "DalamudCmdHelpNotFound": {
    "message": "Command not found.",
    "description": "DalamudCommands.OnHelpCommand"
  },
  "DalamudMuteNoArgs": {
    "message": "Por favor, forneça uma palavra para silenciar.",
    "description": "DalamudCommands.OnBadWordsAddCommand"
  },
  "DalamudMuted": {
    "message": "Silenciou \"{0}\".",
    "description": "DalamudCommands.OnBadWordsAddCommand"
  },
  "DalamudNoneMuted": {
    "message": "Sem palavras ou frases silenciadas.",
    "description": "DalamudCommands.OnBadWordsListCommand"
  },
  "DalamudUnmuted": {
    "message": "Deixou de silenciar \"{0}\".",
    "description": "DalamudCommands.OnBadWordsRemoveCommand"
  },
  "DalamudNoLastLink": {
    "message": "Sem último link...",
    "description": "DalamudCommands.OnLastLinkCommand"
  },
  "DalamudOpeningLink": {
    "message": "Abrindo {0}",
    "description": "DalamudCommands.OnLastLinkCommand"
  },
  "DalamudLanguageSetTo": {
    "message": "Idioma definido para {0}",
    "description": "DalamudCommands.OnSetLanguageCommand"
  },
  "TSMDalamudPlugins": {
    "message": "Instalador de plugins",
    "description": "<>c__DisplayClass27_0.<.ctor>b__0"
  },
  "TSMDalamudSettings": {
    "message": "Configurações do Dalamud",
    "description": "<>c__DisplayClass27_0.<.ctor>b__0"
  },
  "TSMDalamudDevMenu": {
    "message": "Menu de Desenvolvedor",
    "description": "<>c__DisplayClass27_0.<.ctor>b__0"
  },
  "ImGuiClipboardFunctionProviderClipboardInUse": {
    "message": "Some other application is using the clipboard. Try again later.",
    "description": "ImGuiClipboardFunctionProvider.OpenClipboardOrShowError"
  },
  "ImGuiClipboardFunctionProviderErrorCopy": {
    "message": "Failed to copy. See logs for details.",
    "description": "ImGuiClipboardFunctionProvider.SetClipboardTextImpl"
  },
  "ImGuiClipboardFunctionProviderErrorPaste": {
    "message": "Failed to paste. See logs for details.",
    "description": "ImGuiClipboardFunctionProvider.GetClipboardTextImpl"
  },
  "InstallerDevTools": {
    "message": "Ferramentas do Desenvolvedor",
    "description": "Locs.get_Group_DevTools"
  },
  "InstallerInstalledPlugins": {
    "message": "Plugins Instalados",
    "description": "Locs.get_Group_Installed"
  },
  "InstallerAllPlugins": {
    "message": "Todos os Plugins",
    "description": "Locs.get_Group_Available"
  },
  "InstallerChangelog": {
    "message": "Mudanças",
    "description": "Locs.get_Group_Changelog"
  },
  "InstallerCategoryAll": {
    "message": "Todas",
    "description": "Locs.get_Category_All"
  },
  "InstallerCategoryIsTesting": {
    "message": "Currently Testing",
    "description": "Locs.get_Category_IsTesting"
  },
  "InstallerCategoryAvailableForTesting": {
    "message": "Testing Available",
    "description": "Locs.get_Category_AvailableForTesting"
  },
  "InstallerInstalledDevPlugins": {
    "message": "Plugins de Dev Instalados",
    "description": "Locs.get_Category_DevInstalled"
  },
  "InstallerCategoryPluginProfiles": {
    "message": "Plugin Collections",
    "description": "Locs.get_Category_PluginProfiles"
  },
  "InstallerCategoryOther": {
    "message": "Outros",
    "description": "Locs.get_Category_Other"
  },
  "InstallerCategoryJobs": {
    "message": "Jobs",
    "description": "Locs.get_Category_Jobs"
  },
  "InstallerCategoryUI": {
    "message": "UI",
    "description": "Locs.get_Category_UI"
  },
  "InstallerCategoryMiniGames": {
    "message": "Mini Jogos",
    "description": "Locs.get_Category_MiniGames"
  },
  "InstallerCategoryInventory": {
    "message": "Inventário",
    "description": "Locs.get_Category_Inventory"
  },
  "InstallerCategorySound": {
    "message": "Som",
    "description": "Locs.get_Category_Sound"
  },
  "InstallerCategorySocial": {
    "message": "Social",
    "description": "Locs.get_Category_Social"
  },
  "InstallerCategoryUtility": {
    "message": "Utilidades",
    "description": "Locs.get_Category_Utility"
  },
  "InstallerCategoryPlugins": {
    "message": "Plugins",
    "description": "Locs.get_Category_Plugins"
  },
  "InstallerCategoryDalamud": {
    "message": "Dalamud",
    "description": "Locs.get_Category_Dalamud"
  },
  "DalamudGamepadModeNotifierText": {
    "message": "Modo Gamepad está LIGADO. Pressione L1+L3 para desativar, pressione R3 para alternar o PluginInstaller.",
    "description": "GamepadModeNotifierWindow.Draw"
  },
  "RenameStyleModalTitle": {
    "message": "Renomear estilo",
    "description": "StyleEditorWindow.Draw"
  },
  "StyleEditorChooseStyle": {
    "message": "Escolha o estilo:",
    "description": "StyleEditorWindow.Draw"
  },
  "StyleEditorAddNew": {
    "message": "Adicionar um novo estilo",
    "description": "StyleEditorWindow.Draw"
  },
  "StyleEditorDeleteStyle": {
    "message": "Excluir estilo atual",
    "description": "StyleEditorWindow.Draw"
  },
  "StyleEditorRenameStyle": {
    "message": "Renomear estilo",
    "description": "StyleEditorWindow.Draw"
  },
  "StyleEditorCopy": {
    "message": "Copiar estilo para área de transferência para compartilhar",
    "description": "StyleEditorWindow.Draw"
  },
  "StyleEditorImport": {
    "message": "Importar estilo da área de transferência",
    "description": "StyleEditorWindow.Draw"
  },
  "StyleEditorNotAllowed": {
    "message": "Você não pode editar estilos embutidos. Por favor, adicione um novo estilo primeiro.",
    "description": "StyleEditorWindow.Draw"
  },
  "StyleEditorApplying": {
    "message": "Aplicando estilo...",
    "description": "StyleEditorWindow.Draw"
  },
  "StyleEditorVariables": {
    "message": "Variáveis",
    "description": "StyleEditorWindow.Draw"
  },
  "StyleEditorColors": {
    "message": "Cores",
    "description": "StyleEditorWindow.Draw"
  },
  "Close": {
    "message": "Fechar",
    "description": "StyleEditorWindow.Draw"
  },
  "SaveAndClose": {
    "message": "Salvar e Fechar",
    "description": "StyleEditorWindow.Draw"
  },
  "StyleEditorEnterName": {
    "message": "Por favor, digite o novo nome para este estilo.",
    "description": "StyleEditorWindow.Draw"
  },
  "DalamudSettingsHeader": {
    "message": "Configurações do Dalamud",
    "description": "SettingsWindow..ctor"
  },
  "DalamudSettingsSave": {
    "message": "Save changes",
    "description": "SettingsWindow.Draw"
  },
  "DalamudSettingsSaveAndExit": {
    "message": "Save changes and close",
    "description": "SettingsWindow.Draw"
  },
  "DalamudSettingsDevPluginLocation": {
    "message": "Locais de Plugins de Dev",
    "description": "DevPluginsSettingsEntry..ctor"
  },
  "DalamudSettingsChanged": {
    "message": "(Modificado)",
    "description": "DevPluginsSettingsEntry.Draw"
  },
  "DalamudSettingsDevPluginLocationsHint": {
    "message": "Add dev plugin load locations.\nThese can be either the directory or DLL path.",
    "description": "DevPluginsSettingsEntry.Draw"
  },
  "DalamudDevPluginLocationExists": {
    "message": "Local já existe.",
    "description": "DevPluginsSettingsEntry.Draw"
  },
  "DalamudDevPluginInvalid": {
    "message": "The entered value is not a valid path to a potential Dev Plugin.\nDid you mean to enter it as a custom plugin repository in the fields below instead?",
    "description": "DevPluginsSettingsEntry.Draw"
  },
  "DalamudSettingsLanguage": {
    "message": "Idioma",
    "description": "LanguageChooserSettingsEntry..ctor"
  },
  "DalamudSettingsLanguageHint": {
    "message": "Selecione o idioma no qual Dalamud será exibido.",
    "description": "LanguageChooserSettingsEntry.Draw"
  },
  "DalamudSettingsCustomRepo": {
    "message": "Repositórios Personalizados",
    "description": "ThirdRepoSettingsEntry.Draw"
  },
  "DalamudSettingCustomRepoHint": {
    "message": "Adicionar repositório de plugin personalizado.",
    "description": "ThirdRepoSettingsEntry.Draw"
  },
  "DalamudSettingCustomRepoWarningReadThis": {
    "message": "READ THIS FIRST!",
    "description": "ThirdRepoSettingsEntry.Draw"
  },
  "DalamudSettingCustomRepoWarning": {
    "message": "We cannot take any responsibility for custom plugins and repositories.",
    "description": "ThirdRepoSettingsEntry.Draw"
  },
  "DalamudSettingCustomRepoWarning5": {
    "message": "If someone told you to copy/paste something here, it's very possible that you are being scammed or taken advantage of.",
    "description": "ThirdRepoSettingsEntry.Draw"
  },
  "DalamudSettingCustomRepoWarning2": {
    "message": "Plugins have full control over your PC, like any other program, and may cause harm or crashes.",
    "description": "ThirdRepoSettingsEntry.Draw"
  },
  "DalamudSettingCustomRepoWarning4": {
    "message": "They can delete your character, steal your FC or Discord account, and burn down your house.",
    "description": "ThirdRepoSettingsEntry.Draw"
  },
  "DalamudSettingCustomRepoWarning3": {
    "message": "Please make absolutely sure that you only install plugins from developers you trust.",
    "description": "ThirdRepoSettingsEntry.Draw"
  },
  "DalamudSettingCustomRepoWarningPleaseWait": {
    "message": "Please wait {0} seconds...",
    "description": "ThirdRepoSettingsEntry.Draw"
  },
  "DalamudSettingCustomRepoWarningIReadIt": {
    "message": "Ok, I have read and understood this warning",
    "description": "ThirdRepoSettingsEntry.Draw"
  },
  "DalamudThirdRepoExists": {
    "message": "O repositório já existe.",
    "description": "ThirdRepoSettingsEntry.Draw"
  },
  "DalamudThirdRepoNotUrl": {
    "message": "The entered address is not a valid URL.\nDid you mean to enter it as a DevPlugin in the fields above instead?",
    "description": "ThirdRepoSettingsEntry.Draw"
  },
  "DalamudAbout": {
    "message": "About",
    "description": "SettingsTabAbout.get_Title"
  },
  "DalamudSettingsServerInfoBar": {
    "message": "Barra de informações do servidor",
    "description": "SettingsTabDtr.get_Title"
  },
  "DalamudSettingServerInfoBarHint": {
    "message": "Plugins podem colocar informações adicionais na barra de informações de servidor (onde o mundo e o tempo podem ser vistos).\nVocê pode reordenar e desabilitá-los aqui.",
    "description": "SettingsTabDtr.Draw"
  },
  "DalamudSettingServerInfoBarDidNone": {
    "message": "Você não tem plugins que usem esta funcionalidade.",
    "description": "SettingsTabDtr.Draw"
  },
  "DalamudSettingServerInfoBarSpacing": {
    "message": "Espaçamento da Barra de Informações do Servidor",
    "description": "SettingsTabDtr.Draw"
  },
  "DalamudSettingServerInfoBarSpacingHint": {
    "message": "Configure a quantidade de espaço entre as entradas na barra de informações do servidor aqui.",
    "description": "SettingsTabDtr.Draw"
  },
  "DalamudSettingServerInfoBarDirection": {
    "message": "Direção da Barra de Informações do Servidor",
    "description": "SettingsTabDtr.Draw"
  },
  "DalamudSettingServerInfoBarDirectionHint": {
    "message": "Se marcado, os elementos da barra de informação do servidor se expandirão para a direita ao invés da esquerda.",
    "description": "SettingsTabDtr.Draw"
  },
  "DalamudSettingsExperimental": {
    "message": "Experimental",
    "description": "SettingsTabExperimental.get_Title"
  },
  "DalamudSettingsPluginTest": {
    "message": "Receber versões teste de plugins",
    "description": "SettingsTabExperimental..ctor"
  },
  "DalamudSettingsPluginTestHint": {
    "message": "Receive testing prereleases for selected plugins.\nTo opt-in to testing builds for a plugin, you have to right click it in the \"{0}\" tab of the plugin installer and select \"{1}\".",
    "description": "SettingsTabExperimental..ctor"
  },
  "DalamudSettingsPluginTestWarning": {
    "message": "Testing plugins may contain bugs or crash your game. Please only enable this if you are aware of the risks.",
    "description": "SettingsTabExperimental..ctor"
  },
  "DalamudSettingEnablePluginUIAdditionalOptions": {
    "message": "Add a button to the title bar of plugin windows to open additional options",
    "description": "SettingsTabExperimental..ctor"
  },
  "DalamudSettingEnablePluginUIAdditionalOptionsHint": {
    "message": "This will allow you to pin certain plugin windows, make them clickthrough or adjust their opacity.\nThis may not be supported by all of your plugins. Contact the plugin author if you want them to support this feature.",
    "description": "SettingsTabExperimental..ctor"
  },
  "DalamudSettingsClearHidden": {
    "message": "Limpar plugins ocultos",
    "description": "SettingsTabExperimental..ctor"
  },
  "DalamudSettingsClearHiddenHint": {
    "message": "Resturar plugins que você ocultou do instalador de plugins.",
    "description": "SettingsTabExperimental..ctor"
  },
  "DalamudSettingsGeneral": {
    "message": "Geral",
    "description": "SettingsTabGeneral.get_Title"
  },
  "DalamudSettingsChannel": {
    "message": "Dalamud Chat Channel",
    "description": "SettingsTabGeneral..ctor"
  },
  "DalamudSettingsChannelHint": {
    "message": "Selecione o canal de chat que será usado para mensagens gerais do Dalamud.",
    "description": "SettingsTabGeneral..ctor"
  },
  "DalamudSettingsWaitForPluginsOnStartup": {
    "message": "Wait for plugins before game loads",
    "description": "SettingsTabGeneral..ctor"
  },
  "DalamudSettingsWaitForPluginsOnStartupHint": {
    "message": "Do not let the game load, until plugins are loaded.",
    "description": "SettingsTabGeneral..ctor"
  },
  "DalamudSettingsFlash": {
    "message": "Piscar a janela do FFXIV quando encontrar uma duty",
    "description": "SettingsTabGeneral..ctor"
  },
  "DalamudSettingsFlashHint": {
    "message": "Piscar a janela FFXIV na barra de tarefas quando uma duty estiver pronta.",
    "description": "SettingsTabGeneral..ctor"
  },
  "DalamudSettingsDutyFinderMessage": {
    "message": "Mensagem no chat quando encontrar uma duty",
    "description": "SettingsTabGeneral..ctor"
  },
  "DalamudSettingsDutyFinderMessageHint": {
    "message": "Enviar mensagem no chat do FFXIV quando uma duty estiver pronta.",
    "description": "SettingsTabGeneral..ctor"
  },
  "DalamudSettingsPrintDalamudWelcomeMsg": {
    "message": "Display Dalamud's welcome message",
    "description": "SettingsTabGeneral..ctor"
  },
  "DalamudSettingsPrintDalamudWelcomeMsgHint": {
    "message": "Display Dalamud's welcome message in FFXIV chat when logging in with a character.",
    "description": "SettingsTabGeneral..ctor"
  },
  "DalamudSettingsPrintPluginsWelcomeMsg": {
    "message": "Exibir plugins carregados na mensagem de boas-vindas",
    "description": "SettingsTabGeneral..ctor"
  },
  "DalamudSettingsPrintPluginsWelcomeMsgHint": {
    "message": "Exibir no chat os plugins carregados ao entrar com um personagem.",
    "description": "SettingsTabGeneral..ctor"
  },
  "DalamudSettingsAutoUpdatePlugins": {
    "message": "Atualizar plugins automaticamente",
    "description": "SettingsTabGeneral..ctor"
  },
  "DalamudSettingsAutoUpdatePluginsMsgHint": {
    "message": "Atualizar plugins automaticamente ao entrar com um personagem.",
    "description": "SettingsTabGeneral..ctor"
  },
  "DalamudSettingsSystemMenu": {
    "message": "Botões Dalamud no menu do sistema",
    "description": "SettingsTabGeneral..ctor"
  },
  "DalamudSettingsSystemMenuMsgHint": {
    "message": "Adicionar botões para plugins do Dalamud e configurações ao menu do sistema.",
    "description": "SettingsTabGeneral..ctor"
  },
  "DalamudSettingsEnableRmtFiltering": {
    "message": "Enable RMT Filtering",
    "description": "SettingsTabGeneral..ctor"
  },
  "DalamudSettingsEnableRmtFilteringMsgHint": {
    "message": "Enable Dalamud's built-in RMT ad filtering.",
    "description": "SettingsTabGeneral..ctor"
  },
  "DalamudSettingDoMbCollect": {
    "message": "Subir dados do market board anonimamente",
    "description": "SettingsTabGeneral..ctor"
  },
  "DalamudSettingDoMbCollectHint": {
    "message": "Fornece anonimamente dados sobre economia do jogo à Universalis ao navegar no market board. Esses dados não podem ser associados a você de nenhuma maneira e todos se beneficiam!",
    "description": "SettingsTabGeneral..ctor"
  },
  "DalamudSettingsChannelNone": {
    "message": "Do not pick \"None\".",
    "description": "<>c.<.ctor>b__5_2"
  },
  "DalamudSettingsVisual": {
    "message": "Aparência",
    "description": "SettingsTabLook.get_Title"
  },
  "DalamudSettingsGlobalUiScale": {
    "message": "Escala da Fonte Global",
    "description": "SettingsTabLook.Draw"
  },
  "DalamudSettingsFontBuildInProgressWithEndingThreeDots": {
    "message": "Building fonts...",
    "description": "SettingsTabLook.Draw"
  },
  "DalamudSettingsGlobalUiScaleHint": {
    "message": "Escala textos em todos os elementos de interface do XIVLauncher - isso é útil para telas em 4K.",
    "description": "SettingsTabLook.Draw"
  },
  "DalamudSettingsFontBuildFaulted": {
    "message": "Failed to load fonts as requested.",
    "description": "SettingsTabLook.Draw"
  },
  "DalamudSettingChooseDefaultFont": {
    "message": "Choose Default Font",
    "description": "SettingsTabLook.Draw"
  },
  "DalamudSettingResetDefaultFont": {
    "message": "Reset Default Font",
    "description": "SettingsTabLook.Draw"
  },
  "DalamudSettingsOpenStyleEditor": {
    "message": "Abrir Editor de Estilo",
    "description": "SettingsTabLook..ctor"
  },
  "DalamudSettingsStyleEditorHint": {
    "message": "Modificar o visual das janelas Dalamud.",
    "description": "SettingsTabLook..ctor"
  },
  "DalamudSettingsUseDarkMode": {
    "message": "Use Windows immersive/dark mode",
    "description": "SettingsTabLook..ctor"
  },
  "DalamudSettingsUseDarkModeHint": {
    "message": "This will cause the FFXIV window title bar to follow your preferred Windows color settings, and switch to dark mode if enabled.",
    "description": "SettingsTabLook..ctor"
  },
  "DalamudSettingToggleUiHideOptOutNote": {
    "message": "Plugins podem optar por não utilizarem as configurações abaixo.",
    "description": "SettingsTabLook..ctor"
  },
  "DalamudSettingToggleUiHide": {
    "message": "Oculta as interfaces de plugins quando a interface do jogo estiver oculta",
    "description": "SettingsTabLook..ctor"
  },
  "DalamudSettingToggleUiHideHint": {
    "message": "Marque esta caixa para ocultar qualquer janela aberta por extensões ao ligar ou desligar o overlay do jogo.",
    "description": "SettingsTabLook..ctor"
  },
  "DalamudSettingToggleUiHideDuringCutscenes": {
    "message": "Ocultar a interface dos plugins durante uma cutscene",
    "description": "SettingsTabLook..ctor"
  },
  "DalamudSettingToggleUiHideDuringCutscenesHint": {
    "message": "Ocultar janelas abertas por plugins durante uma cutscene.",
    "description": "SettingsTabLook..ctor"
  },
  "DalamudSettingToggleUiHideDuringGpose": {
    "message": "Ocultar a interface dos plugins enquanto o gpose estiver ativo",
    "description": "SettingsTabLook..ctor"
  },
  "DalamudSettingToggleUiHideDuringGposeHint": {
    "message": "Ocultar janelas abertas por plugins enquanto o gpose estiver ativo.",
    "description": "SettingsTabLook..ctor"
  },
  "DalamudSettingToggleFocusManagement": {
    "message": "Usar escape para fechar janelas Dalamud",
    "description": "SettingsTabLook..ctor"
  },
  "DalamudSettingToggleFocusManagementHint": {
    "message": "Isto fará com que as janelas Dalamud se comportem como janelas dentro do jogo ao pressionar a Esc.\nEles vão fechar uma após a outra até que todas estejam fechadas. Pode não funcionar para todos os plugins.",
    "description": "SettingsTabLook..ctor"
  },
  "DalamudSettingToggleViewports": {
    "message": "Habilitar janelas para múltiplos monitores",
    "description": "SettingsTabLook..ctor"
  },
  "DalamudSettingToggleViewportsHint": {
    "message": "Isso irá permitir que você mova janelas de plugins entre monitores.\nEsta função só esta disponível caso seu FFXIV esteja em modo Borderless Window ou Windowed.",
    "description": "SettingsTabLook..ctor"
  },
  "DalamudSettingToggleDocking": {
    "message": "Habilitar acoplamento de janelas",
    "description": "SettingsTabLook..ctor"
  },
  "DalamudSettingToggleDockingHint": {
    "message": "Isso permitirá agrupar as janelas de plugins em abas.",
    "description": "SettingsTabLook..ctor"
  },
  "DalamudSettingEnablePluginUISoundEffects": {
    "message": "Enable sound effects for plugin windows",
    "description": "SettingsTabLook..ctor"
  },
  "DalamudSettingEnablePluginUISoundEffectsHint": {
    "message": "This will allow you to enable or disable sound effects generated by plugin user interfaces.\nThis is affected by your in-game `System Sounds` volume settings.",
    "description": "SettingsTabLook..ctor"
  },
  "DalamudSettingToggleGamepadNavigation": {
    "message": "Plugins de controle por gamepad",
    "description": "SettingsTabLook..ctor"
  },
  "DalamudSettingToggleGamepadNavigationHint": {
    "message": "Isto permitirá alternar entre a navegação de jogos e plugins via L1+L3.\nAtive a janela do PluginInstaller via R3 se a navegação do ImGui estiver ativada.",
    "description": "SettingsTabLook..ctor"
  },
  "DalamudSettingToggleTsm": {
    "message": "Mostrar menu na tela de título",
    "description": "SettingsTabLook..ctor"
  },
  "DalamudSettingToggleTsmHint": {
    "message": "Isso permitirá que você acesse certas funcionalidades do Dalamud e Plugins na tela de título.",
    "description": "SettingsTabLook..ctor"
  },
  "DalamudSettingInstallerOpenDefault": {
    "message": "Open the Plugin Installer to the \"Installed Plugins\" tab by default",
    "description": "SettingsTabLook..ctor"
  },
  "DalamudSettingInstallerOpenDefaultHint": {
    "message": "This will allow you to open the Plugin Installer to the \"Installed Plugins\" tab by default, instead of the \"Available Plugins\" tab.",
    "description": "SettingsTabLook..ctor"
  },
  "DalamudSettingReducedMotion": {
    "message": "Reduce motions",
    "description": "SettingsTabLook..ctor"
  },
  "DalamudSettingReducedMotionHint": {
    "message": "This will suppress certain animations from Dalamud, such as the notification popup.",
    "description": "SettingsTabLook..ctor"
  },
  "ChangelogNoText": {
    "message": "No changelog for this version.",
    "description": "PluginChangelogEntry..ctor"
  },
  "InstallerHeader": {
    "message": "Instalador de plugins",
    "description": "Locs.get_WindowTitle"
  },
  "InstallerHeaderTesting": {
    "message": "(TESTE)",
    "description": "Locs.get_WindowTitleMod_Testing"
  },
  "InstallerHint": {
    "message": "This window allows you to install and remove Dalamud plugins.\nThey are made by the community.",
    "description": "Locs.get_Header_Hint"
  },
  "InstallerSearch": {
    "message": "Buscar",
    "description": "Locs.get_Header_SearchPlaceholder"
  },
  "InstallerAlphabetical": {
    "message": "Alfabética",
    "description": "Locs.get_SortBy_Alphabetical"
  },
  "InstallerDownloadCount": {
    "message": "Qtd. Download",
    "description": "Locs.get_SortBy_DownloadCounts"
  },
  "InstallerLastUpdate": {
    "message": "Última Atualização",
    "description": "Locs.get_SortBy_LastUpdate"
  },
  "InstallerNewOrNot": {
    "message": "Novo ou não",
    "description": "Locs.get_SortBy_NewOrNot"
  },
  "InstallerNotInstalled": {
    "message": "Não Instalado",
    "description": "Locs.get_SortBy_NotInstalled"
  },
  "InstallerEnabledDisabled": {
    "message": "Enabled/Disabled",
    "description": "Locs.get_SortBy_EnabledDisabled"
  },
  "InstallerProfileOrNot": {
    "message": "In a collection",
    "description": "Locs.get_SortBy_ProfileOrNot"
  },
  "InstallerSortBy": {
    "message": "Ordenar Por",
    "description": "Locs.get_SortBy_Label"
  },
  "InstallerLoading": {
    "message": "Carregando plugins...",
    "description": "Locs.get_TabBody_LoadingPlugins"
  },
  "InstallerDownloadFailed": {
    "message": "Falha no download.",
    "description": "Locs.get_TabBody_DownloadFailed"
  },
  "InstallerSafeMode": {
    "message": "Dalamud está sendo executado no Modo Seguro do Plugin, reinicie para ativar plugins.",
    "description": "Locs.get_TabBody_SafeMode"
  },
  "InstallerNoMatching": {
    "message": "Nenhum plugin encontrado correspondente à sua pesquisa.",
    "description": "Locs.get_TabBody_SearchNoMatching"
  },
  "InstallerNoCompatible": {
    "message": "Nenhum plugin compatível foi encontrado :( Por favor reinicie seu jogo e tente novamente.",
    "description": "Locs.get_TabBody_SearchNoCompatible"
  },
  "InstallerNoInstalled": {
    "message": "Nenhum plugin está instalado atualmente. Você pode instalá-los na guia \"Todos os Plugins\".",
    "description": "Locs.get_TabBody_SearchNoInstalled"
  },
  "InstallerNoChangelog": {
    "message": "Nenhum dos seus plugins instalados tem um changelog.",
    "description": "Locs.get_TabBody_ChangelogNone"
  },
  "InstallerChangelogError": {
    "message": "Could not download changelogs.",
    "description": "Locs.get_TabBody_ChangelogError"
  },
  "InstallerInstalled": {
    "message": " (instalado)",
    "description": "Locs.get_PluginTitleMod_Installed"
  },
  "InstallerDisabled": {
    "message": " (desativado)",
    "description": "Locs.get_PluginTitleMod_Disabled"
  },
  "InstallerNoService": {
    "message": " (decommissioned)",
    "description": "Locs.get_PluginTitleMod_NoService"
  },
  "InstallerUnloaded": {
    "message": "  (descarregado)",
    "description": "Locs.get_PluginTitleMod_Unloaded"
  },
  "InstallerHasUpdate": {
    "message": " (tem atualização)",
    "description": "Locs.get_PluginTitleMod_HasUpdate"
  },
  "InstallerUpdated": {
    "message": " (atualizado)",
    "description": "Locs.get_PluginTitleMod_Updated"
  },
  "InstallerTestingVersion": {
    "message": " (versão de teste)",
    "description": "Locs.get_PluginTitleMod_TestingVersion"
  },
  "InstallerTestingExclusive": {
    "message": " (testing exclusive)",
    "description": "Locs.get_PluginTitleMod_TestingExclusive"
  },
  "InstallerTestingAvailable": {
    "message": " (has testing version)",
    "description": "Locs.get_PluginTitleMod_TestingAvailable"
  },
  "InstallerDevPlugin": {
    "message": " (dev plugin)",
    "description": "Locs.get_PluginTitleMod_DevPlugin"
  },
  "InstallerUpdateFailed": {
    "message": " (falha ao atualizar)",
    "description": "Locs.get_PluginTitleMod_UpdateFailed"
  },
  "InstallerLoadError": {
    "message": " (erro de carregamento)",
    "description": "Locs.get_PluginTitleMod_LoadError"
  },
  "InstallerUnloadError": {
    "message": " (erro ao descarregar)",
    "description": "Locs.get_PluginTitleMod_UnloadError"
  },
  "InstallerOutdatedError": {
    "message": " (desatualizado)",
    "description": "Locs.get_PluginTitleMod_OutdatedError"
  },
  "InstallerBannedError": {
    "message": " (automaticamente desabilitado)",
    "description": "Locs.get_PluginTitleMod_BannedError"
  },
  "InstallerOrphanedError": {
    "message": " (unknown repository)",
    "description": "Locs.get_PluginTitleMod_OrphanedError"
  },
  "InstallerScheduledForDeletion": {
    "message": " (scheduled for deletion)",
    "description": "Locs.get_PluginTitleMod_ScheduledForDeletion"
  },
  "InstallerNewPlugin ": {
    "message": " Novo!",
    "description": "Locs.get_PluginTitleMod_New"
  },
  "InstallerTestingOptIn": {
    "message": "Receive plugin testing versions",
    "description": "Locs.get_PluginContext_TestingOptIn"
  },
  "InstallerMarkAllSeen": {
    "message": "Marcar tudo como lido",
    "description": "Locs.get_PluginContext_MarkAllSeen"
  },
  "InstallerHidePlugin": {
    "message": "Ocultar do instalador",
    "description": "Locs.get_PluginContext_HidePlugin"
  },
  "InstallerDeletePluginConfig": {
    "message": "Reset plugin data",
    "description": "Locs.get_PluginContext_DeletePluginConfig"
  },
  "InstallerDeletePluginConfigReload": {
    "message": "Reset plugin data and reload",
    "description": "Locs.get_PluginContext_DeletePluginConfigReload"
  },
  "InstallerAuthorWithoutDownloadCount": {
    "message": " criado por: {0}",
    "description": "Locs.PluginBody_AuthorWithoutDownloadCount"
  },
  "InstallerAuthorWithDownloadCount": {
    "message": " by {0} ({1} downloads)",
    "description": "Locs.PluginBody_AuthorWithDownloadCount"
  },
  "InstallerAuthorWithDownloadCountUnavailable": {
    "message": " by {0}",
    "description": "Locs.PluginBody_AuthorWithDownloadCountUnavailable"
  },
  "InstallerCurrentChangeLog": {
    "message": "Changelog (v{0})",
    "description": "Locs.PluginBody_CurrentChangeLog"
  },
  "InstallerUpdateChangeLog": {
    "message": "Available update changelog (v{0})",
    "description": "Locs.PluginBody_UpdateChangeLog"
  },
  "InstallerDevPluginPath": {
    "message": "De {0}",
    "description": "Locs.PluginBody_DevPluginPath"
  },
  "InstallerPlugin3rdPartyRepo": {
    "message": "Do repositório personalizado de plugin {0}",
    "description": "Locs.PluginBody_Plugin3rdPartyRepo"
  },
  "InstallerOutdatedPluginBody ": {
    "message": "This plugin is outdated and incompatible.",
    "description": "Locs.get_PluginBody_Outdated"
  },
  "InstallerOutdatedWaitForUpdate": {
    "message": "Please wait for it to be updated by its author.",
    "description": "Locs.get_PluginBody_Outdated_WaitForUpdate"
  },
  "InstallerOutdatedCanNowUpdate": {
    "message": "An update is available for installation.",
    "description": "Locs.get_PluginBody_Outdated_CanNowUpdate"
  },
  "InstallerOrphanedPluginBody ": {
    "message": "This plugin's source repository is no longer available. You may need to reinstall it from its repository, or re-add the repository.",
    "description": "Locs.get_PluginBody_Orphaned"
  },
  "InstallerNoServiceOfficialPluginBody": {
    "message": "This plugin is no longer being maintained. It will still work, but there will be no further updates and you can't reinstall it.",
    "description": "Locs.get_PluginBody_NoServiceOfficial"
  },
  "InstallerNoServiceThirdPluginBody": {
    "message": "This plugin is no longer being serviced by its source repo. You may have to look for an updated version in another repo.",
    "description": "Locs.get_PluginBody_NoServiceThird"
  },
  "InstallerLoadFailedPluginBody ": {
    "message": "This plugin failed to load. Please contact the author for more information.",
    "description": "Locs.get_PluginBody_LoadFailed"
  },
  "InstallerBannedPluginBody ": {
    "message": "This plugin was automatically disabled due to incompatibilities and is not available.",
    "description": "Locs.get_PluginBody_Banned"
  },
  "InstallerPolicyPluginBody ": {
    "message": "Plugin loads for this type of plugin were manually disabled.",
    "description": "Locs.get_PluginBody_Policy"
  },
  "InstallerBannedPluginBodyReason ": {
    "message": "Este plugin foi desativado automaticamente: {0}",
    "description": "Locs.PluginBody_BannedReason"
  },
  "InstallerInstall": {
    "message": "Instalar v{0}",
    "description": "Locs.PluginButton_InstallVersion"
  },
  "InstallerWorking": {
    "message": "Processando",
    "description": "Locs.get_PluginButton_Working"
  },
  "InstallerDisable": {
    "message": "Desabilitar",
    "description": "Locs.get_PluginButton_Disable"
  },
  "InstallerLoad": {
    "message": "Carregar",
    "description": "Locs.get_PluginButton_Load"
  },
  "InstallerUnload": {
    "message": "Descarregar",
    "description": "Locs.get_PluginButton_Unload"
  },
  "InstallerSafeModeButton": {
    "message": "Can't change in safe mode",
    "description": "Locs.get_PluginButton_SafeMode"
  },
  "InstallerOpenPluginUi": {
    "message": "Open",
    "description": "Locs.get_PluginButton_OpenUi"
  },
  "InstallerOpenPluginSettings": {
    "message": "Settings",
    "description": "Locs.get_PluginButton_OpenSettings"
  },
  "InstallerTooltipOpenUi": {
    "message": "Open this plugin's interface",
    "description": "Locs.get_PluginButtonToolTip_OpenUi"
  },
  "InstallerTooltipOpenConfig": {
    "message": "Open this plugin's settings",
    "description": "Locs.get_PluginButtonToolTip_OpenConfiguration"
  },
  "InstallerPickProfiles": {
    "message": "Pick collections for this plugin",
    "description": "Locs.get_PluginButtonToolTip_PickProfiles"
  },
  "InstallerProfilesNotSupported": {
    "message": "This plugin does not support collections",
    "description": "Locs.get_PluginButtonToolTip_ProfilesNotSupported"
  },
  "InstallerStartOnBoot": {
    "message": "Executar na inicialização",
    "description": "Locs.get_PluginButtonToolTip_StartOnBoot"
  },
  "InstallerAutomaticReloading": {
    "message": "Recarrecamento automático",
    "description": "Locs.get_PluginButtonToolTip_AutomaticReloading"
  },
  "InstallerDeletePlugin ": {
    "message": "Excluir plugin",
    "description": "Locs.get_PluginButtonToolTip_DeletePlugin"
  },
  "InstallerDeletePluginRestricted": {
    "message": "Cannot delete right now - please restart the game.",
    "description": "Locs.get_PluginButtonToolTip_DeletePluginRestricted"
  },
  "InstallerDeletePluginScheduled": {
    "message": "Delete plugin on next restart",
    "description": "Locs.get_PluginButtonToolTip_DeletePluginScheduled"
  },
  "InstallerDeletePluginScheduledCancel": {
    "message": "Cancel scheduled deletion",
    "description": "Locs.get_PluginButtonToolTip_DeletePluginScheduledCancel"
  },
  "InstallerDeletePluginLoaded": {
    "message": "Disable this plugin before deleting it.",
    "description": "Locs.get_PluginButtonToolTip_DeletePluginLoaded"
  },
  "InstallerVisitPluginUrl": {
    "message": "Visital URL do plugin",
    "description": "Locs.get_PluginButtonToolTip_VisitPluginUrl"
  },
  "InstallerUpdateSingle": {
    "message": "Atualizar para {0}",
    "description": "Locs.PluginButtonToolTip_UpdateSingle"
  },
  "InstallerLoadUnloadFailedTooltip": {
    "message": "Plugin load/unload failed, please restart your game and try again.",
    "description": "Locs.get_PluginButtonToolTip_UnloadFailed"
  },
  "InstallerUnloadNeedsToBeInDefault": {
    "message": "This plugin is in one or more collections. If you want to enable or disable it, please do so by enabling or disabling the collections it is in.\nIf you want to manage it manually, remove it from all collections.",
    "description": "Locs.get_PluginButtonToolTip_NeedsToBeInDefault"
  },
  "InstallerUnloadNeedsToBeInSingleProfile": {
    "message": "This plugin is in more than one collection. If you want to enable or disable it, please do so by enabling or disabling the collections it is in.\nIf you want to manage it here, make sure it is only in a single collection.",
    "description": "Locs.get_PluginButtonToolTip_NeedsToBeInSingleProfile"
  },
  "InstallerSingleProfileDisabled": {
    "message": "The collection '{0}' which contains this plugin is disabled.\nPlease enable it in the collections manager to toggle the plugin individually.",
    "description": "Locs.PluginButtonToolTip_SingleProfileDisabled"
  },
  "NotificationsPluginInstalledTitle": {
    "message": "Plugin instalado!",
    "description": "Locs.get_Notifications_PluginInstalledTitle"
  },
  "NotificationsPluginInstalled": {
    "message": "'{0}' foi instalado com sucesso.",
    "description": "Locs.Notifications_PluginInstalled"
  },
  "NotificationsPluginNotInstalledTitle": {
    "message": "Plugin não instalado!",
    "description": "Locs.get_Notifications_PluginNotInstalledTitle"
  },
  "NotificationsPluginNotInstalled": {
    "message": "Falha ao instalar '{0}'.",
    "description": "Locs.Notifications_PluginNotInstalled"
  },
  "NotificationsNoUpdatesFoundTitle": {
    "message": "Nenhuma atualização encontrada!",
    "description": "Locs.get_Notifications_NoUpdatesFoundTitle"
  },
  "NotificationsNoUpdatesFound": {
    "message": "Nenhuma atualização foi encontrada.",
    "description": "Locs.get_Notifications_NoUpdatesFound"
  },
  "NotificationsUpdatesInstalledTitle": {
    "message": "Atualizações instaladas!",
    "description": "Locs.get_Notifications_UpdatesInstalledTitle"
  },
  "NotificationsUpdatesInstalled": {
    "message": "Atualizações para {0} de seus plugins foram instaladas.",
    "description": "Locs.Notifications_UpdatesInstalled"
  },
  "NotificationsPluginDisabledTitle": {
    "message": "Plugin desativado!",
    "description": "Locs.get_Notifications_PluginDisabledTitle"
  },
  "NotificationsPluginDisabled": {
    "message": "{0} foi desativado.",
    "description": "Locs.Notifications_PluginDisabled"
  },
  "NotificationsPluginEnabledTitle": {
    "message": "Plugin enabled!",
    "description": "Locs.get_Notifications_PluginEnabledTitle"
  },
  "NotificationsPluginEnabled": {
    "message": "'{0}' was enabled.",
    "description": "Locs.Notifications_PluginEnabled"
  },
  "InstallerUpdatePlugins": {
    "message": "Atualizar plugins",
    "description": "Locs.get_FooterButton_UpdatePlugins"
  },
  "InstallerUpdateSafeMode": {
    "message": "Can't update in safe mode",
    "description": "Locs.get_FooterButton_UpdateSafeMode"
  },
  "InstallerInProgress": {
    "message": "Instalação em andamento...",
    "description": "Locs.get_FooterButton_InProgress"
  },
  "InstallerNoUpdates": {
    "message": "Nenhuma atualização encontrada!",
    "description": "Locs.get_FooterButton_NoUpdates"
  },
  "InstallerUpdateComplete": {
    "message": "{0} plugins atualizadas!",
    "description": "Locs.FooterButton_UpdateComplete"
  },
  "InstallerSettings": {
    "message": "Configurações",
    "description": "Locs.get_FooterButton_Settings"
  },
  "InstallerScanDevPlugins": {
    "message": "Escanear por Plugins de Dev",
    "description": "Locs.get_FooterButton_ScanDevPlugins"
  },
  "InstallerClose": {
    "message": "Fechar",
    "description": "Locs.get_FooterButton_Close"
  },
  "UpdateQuestionModal": {
    "message": "Update Available",
    "description": "Locs.get_UpdateModal_Title"
  },
  "UpdateModalUpdateAvailable": {
    "message": "An update for \"{0}\" is available.\nDo you want to update it before enabling?\nUpdates will fix bugs and incompatibilities, and may add new features.",
    "description": "Locs.UpdateModal_UpdateAvailable"
  },
  "UpdateModalYes": {
    "message": "Update plugin",
    "description": "Locs.get_UpdateModal_Yes"
  },
  "UpdateModalNo": {
    "message": "Just enable",
    "description": "Locs.get_UpdateModal_No"
  },
  "InstallerError": {
    "message": "Erro de instalação",
    "description": "Locs.get_ErrorModal_Title"
  },
  "InstallerContactAuthor": {
    "message": "Por favor reinicie seu jogo e tente novamente. Se este esse ocorrer novamente, favor entrar em contato com o autor do plugin.",
    "description": "Locs.get_ErrorModal_InstallContactAuthor"
  },
  "InstallerInstallFail": {
    "message": "Falha ao instalar o plugin {0}.\n{1}",
    "description": "Locs.ErrorModal_InstallFail"
  },
  "InstallerSingleUpdateFail": {
    "message": "Failed to update plugin {0} ({1}).\n{2}",
    "description": "Locs.ErrorModal_SingleUpdateFail"
  },
  "InstallerDeleteConfigFail": {
    "message": "Falha ao redefinir o plugin {0}.\n\nO plugin pode não suportar essa ação. Você pode tentar excluir a configuração manualmente enquanto o jogo está fechado - por favor cheque as Perguntas Frequentes.",
    "description": "Locs.ErrorModal_DeleteConfigFail"
  },
  "InstallerEnableFail": {
    "message": "Falha ao habilitar o plugin {0}.\n{1}",
    "description": "Locs.ErrorModal_EnableFail"
  },
  "InstallerDisableFail": {
    "message": "Falha ao desabilitar o plugin {0}.\n{1}",
    "description": "Locs.ErrorModal_DisableFail"
  },
  "InstallerUnloadFail": {
    "message": "Falha ao descarregar o plugin {0}.\n{1}",
    "description": "Locs.ErrorModal_UnloadFail"
  },
  "InstallerLoadFail": {
    "message": "Falha ao carregar o plugin {0}.\n{1}",
    "description": "Locs.ErrorModal_LoadFail"
  },
  "InstallerDeleteFail": {
    "message": "Falha ao excluir o plugin {0}.\n{1}",
    "description": "Locs.ErrorModal_DeleteFail"
  },
  "InstallerUpdaterFatal": {
    "message": "Falha ao atualizar plugins.\nPor favor reinicie seu jogo e tente novamente. Se esse erro ocorrer novamente, favor reclame.",
    "description": "Locs.get_ErrorModal_UpdaterFatal"
  },
  "InstallerProfileApplyFail": {
    "message": "Failed to process collections.\nPlease restart your game and try again. If this error occurs again, please complain.",
    "description": "Locs.get_ErrorModal_ProfileApplyFail"
  },
  "InstallerUpdaterFail": {
    "message": "Falha ao atualizar {0} plugins.\nPor favor reinicie seu jogo e tente novamente. Se esse erro ocorrer novamente, favor reclame.",
    "description": "Locs.ErrorModal_UpdaterFail"
  },
  "InstallerUpdaterFailPartial": {
    "message": "{0} plugins atualizados, {1} falharam ao atualizar.\nPor favor reinicie seu jogo e tente novamente. Se esse erro ocorrer novamente, favor reclame.",
    "description": "Locs.ErrorModal_UpdaterFailPartial"
  },
  "InstallerErrorPluginInfo": {
    "message": "\n\nOs seguintes plugins causaram estes problemas:\n\n{0}\nVocê pode tentar remover esses plugins manualmente e reinstalá-los.",
    "description": "Locs.ErrorModal_HintBlame"
  },
  "InstallerFeedback": {
    "message": "Enviar comentários",
    "description": "Locs.get_FeedbackModal_Title"
  },
  "InstallerFeedbackInfo": {
    "message": "You can send feedback to the developer of \"{0}\" here.",
    "description": "Locs.FeedbackModal_Text"
  },
  "InstallerFeedbackHasUpdate": {
    "message": "Uma nova versão deste plugin está disponível, por favor atualize antes de relatar bugs.",
    "description": "Locs.get_FeedbackModal_HasUpdate"
  },
  "InstallerFeedbackContactAnonymous": {
    "message": "Submit feedback anonymously",
    "description": "Locs.get_FeedbackModal_ContactAnonymous"
  },
  "InstallerFeedbackContactAnonymousWarning": {
    "message": "No response will be forthcoming.\nUntick \"{0}\" and provide contact information if you need help.",
    "description": "Locs.get_FeedbackModal_ContactAnonymousWarning"
  },
  "InstallerFeedbackContactInfo": {
    "message": "Informações para contato",
    "description": "Locs.get_FeedbackModal_ContactInformation"
  },
  "InstallerFeedbackContactInfoHelp": {
    "message": "Discord usernames and e-mail addresses are accepted.\nIf you submit a Discord username, please join our discord server so that we can reach out to you easier.",
    "description": "Locs.get_FeedbackModal_ContactInformationHelp"
  },
  "InstallerFeedbackContactInfoWarning": {
    "message": "Do not submit in-game character names.",
    "description": "Locs.get_FeedbackModal_ContactInformationWarning"
  },
  "InstallerFeedbackContactInfoRequired": {
    "message": "Contact information has not been provided. We require contact information to respond to questions, or to request additional information to troubleshoot problems.",
    "description": "Locs.get_FeedbackModal_ContactInformationRequired"
  },
  "ContactInformationDiscordButton": {
    "message": "Join XIVLauncher & Dalamud Discord",
    "description": "Locs.get_FeedbackModal_ContactInformationDiscordButton"
  },
  "ContactInformationDiscordUrl": {
    "message": "https://goat.place/",
    "description": "Locs.get_FeedbackModal_ContactInformationDiscordUrl"
  },
  "InstallerFeedbackIncludeLastError": {
    "message": "Incluir última mensagem de erro",
    "description": "Locs.get_FeedbackModal_IncludeLastError"
  },
  "InstallerFeedbackIncludeLastErrorHint": {
    "message": "Esta opção pode dar ao desenvolvedor do plugin um feedback útil sobre o que exatamente deu errado.",
    "description": "Locs.get_FeedbackModal_IncludeLastErrorHint"
  },
  "InstallerFeedbackHint": {
    "message": "Todos os desenvolvedores de plugins poderão ver seu feedback.\nPor favor, nunca inclua nenhuma informação pessoal ou reveladora.\nSe você escolher incluir a última mensagem de erro, informações como seu nome de usuário do Windows podem ser incluídas.\n\nOs comentários coletados não são armazenados em na nossa ponta e são retransmitidos imediatamente para o Discord.",
    "description": "Locs.get_FeedbackModal_Hint"
  },
  "InstallerFeedbackNotificationSuccess": {
    "message": "Seu feedback foi enviado com sucesso!",
    "description": "Locs.get_FeedbackModal_NotificationSuccess"
  },
  "InstallerFeedbackNotificationError": {
    "message": "Seu feedback não pôde ser enviado.",
    "description": "Locs.get_FeedbackModal_NotificationError"
  },
  "InstallerTestingWarning": {
    "message": "Warning###InstallerTestingWarning",
    "description": "Locs.get_TestingWarningModal_Title"
  },
  "InstallerTestingWarningDowngradeBody": {
    "message": "Take care! If you opt out of testing for a plugin, you will remain on the testing version until it is deleted and reinstalled, or the non-testing version of the plugin is updated.\nKeep in mind that you may lose the settings for this plugin if you downgrade manually.",
    "description": "Locs.get_TestingWarningModal_DowngradeBody"
  },
  "InstallerDeletePluginConfigWarning": {
    "message": "Warning###InstallerDeletePluginConfigWarning",
    "description": "Locs.get_DeletePluginConfigWarningModal_Title"
  },
  "InstallerDeletePluginConfigWarningBody": {
    "message": "Are you sure you want to delete all data and configuration for {0}?",
    "description": "Locs.DeletePluginConfigWarningModal_Body"
  },
  "InstallerDeletePluginConfigWarningYes": {
    "message": "Yes",
    "description": "Locs.get_DeletePluginConfirmWarningModal_Yes"
  },
  "InstallerDeletePluginConfigWarningNo": {
    "message": "No",
    "description": "Locs.get_DeletePluginConfirmWarningModal_No"
  },
  "DalamudPluginUpdates": {
    "message": "Atualizações:",
    "description": "Locs.get_PluginUpdateHeader_Chatbox"
  },
  "OK": {
    "message": "Ok",
    "description": "Locs.get_ErrorModalButton_Ok"
  },
  "SafeModeDisclaimer": {
    "message": "You enabled safe mode, no plugins will be loaded.\nYou may delete plugins from the \"Installed plugins\" tab.\nSimply restart your game to disable safe mode.",
    "description": "Locs.get_SafeModeDisclaimer"
  },
  "InstallerProfilesCouldNotAdd": {
    "message": "Couldn't add plugin to this collection.",
    "description": "Locs.get_Profiles_CouldNotAdd"
  },
  "InstallerProfilesCouldNotRemove": {
    "message": "Couldn't remove plugin from this collection.",
    "description": "Locs.get_Profiles_CouldNotRemove"
  },
  "InstallerProfilesNone": {
    "message": "No collections! Go add some in \"Plugin Collections\"!",
    "description": "Locs.get_Profiles_None"
  },
  "InstallerProfilesRemoveFromAll": {
    "message": "Remove from all collections",
    "description": "Locs.get_Profiles_RemoveFromAll"
  },
  "VerifiedCheckmarkVerifiedTooltip": {
    "message": "This plugin has been reviewed by the Dalamud team.\nIt follows our technical and safety criteria, and adheres to our guidelines.",
    "description": "Locs.get_VerifiedCheckmark_VerifiedTooltip"
  },
  "VerifiedCheckmarkUnverifiedTooltip": {
    "message": "This plugin has not been reviewed by the Dalamud team.\nWe cannot take any responsibility for custom plugins and repositories.\nPlease make absolutely sure that you only install plugins from developers you trust.\n\nYou will not receive support for plugins installed from custom repositories on the XIVLauncher & Dalamud server.",
    "description": "Locs.get_VerifiedCheckmark_UnverifiedTooltip"
  },
  "ProfileManagerEnableDisableHint": {
    "message": "Enable/Disable this collection",
    "description": "Locs.get_TooltipEnableDisable"
  },
  "ProfileManagerInstall": {
    "message": "Install this plugin",
    "description": "Locs.get_InstallPlugin"
  },
  "ProfileManagerRemoveFromProfile": {
    "message": "Remove plugin from this collection",
    "description": "Locs.get_RemovePlugin"
  },
  "ProfileManagerAddPlugin": {
    "message": "Add a plugin!",
    "description": "Locs.get_AddPlugin"
  },
  "ProfileManagerNoPluginsInProfile": {
    "message": "Collection has no plugins!",
    "description": "Locs.get_NoPluginsInProfile"
  },
  "ProfileManagerAlwaysEnableAtBoot": {
    "message": "Always enable when game starts",
    "description": "Locs.get_AlwaysEnableAtBoot"
  },
  "ProfileManagerDeleteProfile": {
    "message": "Delete this collection",
    "description": "Locs.get_DeleteProfileHint"
  },
  "ProfileManagerCopyToClipboard": {
    "message": "Copy collection to clipboard for sharing",
    "description": "Locs.get_CopyToClipboardHint"
  },
  "ProfileManagerCopyToClipboardHint": {
    "message": "Copied to clipboard!",
    "description": "Locs.get_CopyToClipboardNotification"
  },
  "ProfileManagerBackToOverview": {
    "message": "Back to overview",
    "description": "Locs.get_BackToOverview"
  },
  "ProfileManagerSearchHint": {
    "message": "Search...",
    "description": "Locs.get_SearchHint"
  },
  "ProfileManagerAddProfileHint": {
    "message": "No collections! Add one!",
    "description": "Locs.get_AddProfileHint"
  },
  "ProfileManagerCloneProfile": {
    "message": "Clone this collection",
    "description": "Locs.get_CloneProfileHint"
  },
  "ProfileManagerEditProfile": {
    "message": "Edit this collection",
    "description": "Locs.get_EditProfileHint"
  },
  "ProfileManagerImportProfile": {
    "message": "Import a shared collection from your clipboard",
    "description": "Locs.get_ImportProfileHint"
  },
  "ProfileManagerTutorialHint": {
    "message": "Learn more about collections",
    "description": "Locs.get_TutorialHint"
  },
  "ProfileManagerAddProfile": {
    "message": "Add a new collection",
    "description": "Locs.get_AddProfile"
  },
  "ProfileManagerNotificationImportSuccess": {
    "message": "Collection successfully imported!",
    "description": "Locs.get_NotificationImportSuccess"
  },
  "ProfileManagerNotificationImportError": {
    "message": "Could not import collection.",
    "description": "Locs.get_NotificationImportError"
  },
  "ProfileManagerCouldNotRemove": {
    "message": "Could not remove plugin.",
    "description": "Locs.get_ErrorCouldNotRemove"
  },
  "ProfileManagerCouldNotChangeState": {
    "message": "Could not change plugin state.",
    "description": "Locs.get_ErrorCouldNotChangeState"
  },
  "ProfileManagerTutorial": {
    "message": "About Collections",
    "description": "Locs.get_TutorialTitle"
  },
  "ProfileManagerTutorialParagraphOne": {
    "message": "Collections are shareable lists of plugins that can be enabled or disabled in the plugin installer or via chat commands.\nWhen a plugin is part of a collection, it will be enabled if the collection is enabled. If a plugin is part of multiple collections, it will be enabled if one or more collections it is a part of are enabled.",
    "description": "Locs.get_TutorialParagraphOne"
  },
  "ProfileManagerTutorialParagraphTwo": {
    "message": "You can add plugins to collections by clicking the plus button when editing a collection on this screen, or by using the button with the toolbox icon on the \"Installed Plugins\" screen.",
    "description": "Locs.get_TutorialParagraphTwo"
  },
  "ProfileManagerTutorialParagraphThree": {
    "message": "If a collection's \"Start on boot\" checkbox is ticked, the collection and the plugins within will be enabled every time the game starts up, even if it has been manually disabled in a prior session.",
    "description": "Locs.get_TutorialParagraphThree"
  },
  "ProfileManagerTutorialParagraphFour": {
    "message": "Individual plugins inside a collection also have a checkbox next to them. This indicates if a plugin is active within that collection - if the checkbox is not ticked, the plugin will not be enabled if that collection is active. Mind that it will still be enabled if the plugin is an active part of any other collection.",
    "description": "Locs.get_TutorialParagraphFour"
  },
  "ProfileManagerTutorialCommands": {
    "message": "You can use the following commands in chat or in macros to manage active collections:",
    "description": "Locs.get_TutorialCommands"
  },
  "ProfileManagerTutorialCommandsEnable": {
    "message": "{0} \"Collection Name\" - Enable a collection",
    "description": "Locs.get_TutorialCommandsEnable"
  },
  "ProfileManagerTutorialCommandsDisable": {
    "message": "{0} \"Collection Name\" - Disable a collection",
    "description": "Locs.get_TutorialCommandsDisable"
  },
  "ProfileManagerTutorialCommandsToggle": {
    "message": "{0} \"Collection Name\" - Toggle a collection's state",
    "description": "Locs.get_TutorialCommandsToggle"
  },
  "ProfileManagerTutorialCommandsEnd": {
    "message": "If you run multiple of these commands, they will be executed in order.",
    "description": "Locs.get_TutorialCommandsEnd"
  },
  "ProfileManagerChoice1": {
    "message": "Plugin collections are a new feature that allow you to group plugins into collections which can be toggled and shared.",
    "description": "Locs.get_Choice1"
  },
  "ProfileManagerChoice2": {
    "message": "They are experimental and may still contain bugs. Do you want to enable them now?",
    "description": "Locs.get_Choice2"
  },
  "ProfileManagerChoiceConfirmation": {
    "message": "Yes, enable Plugin Collections",
    "description": "Locs.get_ChoiceConfirmation"
  },
  "ProfileManagerNotInstalled": {
    "message": "{0} (Not Installed)",
    "description": "Locs.NotInstalled"
  },
  "NotificationConstants.DefaultInitiator": {
    "message": "Dalamud",
    "description": "NotificationConstants.get_DefaultInitiator"
  },
  "NotificationConstants.UnloadedInitiatorNameFormat": {
    "message": "{0} (unloaded)",
    "description": "NotificationConstants.get_UnloadedInitiatorNameFormat"
  },
  "NotificationConstants.Title.Success": {
    "message": "Success",
    "description": "NotificationConstants.ToTitle"
  },
  "NotificationConstants.Title.Warning": {
    "message": "Warning",
    "description": "NotificationConstants.ToTitle"
  },
  "NotificationConstants.Title.Error": {
    "message": "Error",
    "description": "NotificationConstants.ToTitle"
  },
  "NotificationConstants.Title.Info": {
    "message": "Info",
    "description": "NotificationConstants.ToTitle"
  },
  "DalamudWelcome": {
    "message": "Dalamud vD{0} carregado.",
    "description": "ChatHandlers.PrintWelcomeMessage"
  },
  "PluginsWelcome": {
    "message": " {0} plugin(s) carregados.",
    "description": "ChatHandlers.PrintWelcomeMessage"
  },
  "DalamudPluginLoaded": {
    "message": "    》 {0} v{1} carregado.",
    "description": "ChatHandlers.PrintWelcomeMessage"
  },
  "DalamudUpdated": {
    "message": "Dalamud foi atualizado com sucesso! Por favor, confira o discord para uma lista completa das alterações.",
    "description": "ChatHandlers.PrintWelcomeMessage"
  },
  "DalamudPluginUpdateCheckFail": {
    "message": "Não foi possível verificar se há atualizações para os plugins.",
    "description": "<>c__DisplayClass23_0.<AutoUpdatePlugins>b__1"
  },
  "DalamudPluginAutoUpdate": {
    "message": "Atualização automatica:",
    "description": "<>c__DisplayClass23_0.<AutoUpdatePlugins>b__1"
  },
  "NotificationUpdatedPlugins": {
    "message": "{0} de seus plugins foram atualizados.",
    "description": "<>c__DisplayClass23_0.<AutoUpdatePlugins>b__1"
  },
  "NotificationAutoUpdate": {
    "message": "Atualização Automática",
    "description": "<>c__DisplayClass23_0.<AutoUpdatePlugins>b__1"
  },
  "DalamudPluginUpdateRequired": {
    "message": "Uma ou mais de seus plugins precisam ser atualizados. Por favor, use o comando /xlplugins no jogo para atualizá-las!",
    "description": "<>c__DisplayClass23_0.<AutoUpdatePlugins>b__1"
  },
  "SystemMenuPlugins": {
    "message": "Plugins Dalamud",
    "description": "DalamudAtkTweaks..ctor"
  },
  "SystemMenuSettings": {
    "message": "Configurações do Dalamud",
    "description": "DalamudAtkTweaks..ctor"
  }
}