{
  "DateTimeSpanExtensions.RelativeFormatStringsLong": {
    "message": "172800,{0:%d} days ago\n86400,yesterday\n7200,{0:%h} hours ago\n3600,an hour ago\n120,{0:%m} minutes ago\n60,a minute ago\n2,{0:%s} seconds ago\n1,a second ago\n-Infinity,just now",
    "description": "DateTimeSpanExtensions.LocRelativePastLong"
  },
  "DateTimeSpanExtensions.RelativeFormatStringsShort": {
    "message": "86400,{0:%d}d\n3600,{0:%h}h\n60,{0:%m}m\n1,{0:%s}s\n-Infinity,now",
    "description": "DateTimeSpanExtensions.LocRelativePastShort"
  },
  "DalamudInstallerPluginChangelogHelp": {
    "message": "Plugin-Changelogs öffnen",
    "description": "PluginManager.PrintUpdatedPlugins"
  },
  "DalamudPluginUpdateSuccessful": {
    "message": "    》 {0} aktualisiert auf v{1}.",
    "description": "Locs.DalamudPluginUpdateSuccessful"
  },
  "DalamudPluginUpdateFailed": {
    "message": "    》 Update für {0} auf v{1} fehlgeschlagen ({2}).",
    "description": "Locs.DalamudPluginUpdateFailed"
  },
  "InstallerUpdateStatusPending": {
    "message": "Ausstehend",
    "description": "PluginUpdateStatus.LocalizeUpdateStatusKind"
  },
  "InstallerUpdateStatusFailedDownload": {
    "message": "Download fehlgeschlagen",
    "description": "PluginUpdateStatus.LocalizeUpdateStatusKind"
  },
  "InstallerUpdateStatusFailedUnload": {
    "message": "Entladen fehlgeschlagen",
    "description": "PluginUpdateStatus.LocalizeUpdateStatusKind"
  },
  "InstallerUpdateStatusFailedLoad": {
    "message": "Laden fehlgeschlagen",
    "description": "PluginUpdateStatus.LocalizeUpdateStatusKind"
  },
  "InstallerUpdateStatusSuccess": {
    "message": "Erfolgreich",
    "description": "PluginUpdateStatus.LocalizeUpdateStatusKind"
  },
  "ProfileCommandsEnableHint": {
    "message": "Sammlung aktivieren. Verwendung: /xlenablecollection \"Sammlungsname\"",
    "description": "ProfileCommandHandler..ctor"
  },
  "ProfileCommandsDisableHint": {
    "message": "Sammlung deaktivieren. Verwendung: /xldisablecollection \"Sammlungsname\"",
    "description": "ProfileCommandHandler..ctor"
  },
  "ProfileCommandsToggleHint": {
    "message": "Sammlung umschalten. Verwendung: /xltogglecollection \"Sammlungsname\"",
    "description": "ProfileCommandHandler..ctor"
  },
  "ProfileCommandsEnabling": {
    "message": "Aktiviere Sammlung \"{0}\"...",
    "description": "ProfileCommandHandler.FrameworkOnUpdate"
  },
  "ProfileCommandsDisabling": {
    "message": "Deaktiviere Sammlung \"{0}\"...",
    "description": "ProfileCommandHandler.FrameworkOnUpdate"
  },
  "ProfileCommandsApplyFailed": {
    "message": "Deine Sammlungen konnten nicht angewendet werden. Bitte überprüfe die Konsole auf Fehler.",
    "description": "ProfileCommandHandler.<FrameworkOnUpdate>b__14_1"
  },
  "ProfileCommandsApplySuccess": {
    "message": "Sammlungen angewandt.",
    "description": "ProfileCommandHandler.<FrameworkOnUpdate>b__14_1"
  },
  "PluginProfilesNewProfile": {
    "message": "Neue Sammlung",
    "description": "ProfileManager.AddNewProfile"
  },
  "WindowSystemContextActionPin": {
    "message": "Fenster anpinnen",
    "description": "Window.DrawInternal"
  },
  "WindowSystemContextActionClickthrough": {
    "message": "Fenster durchklickbar machen",
    "description": "Window.DrawInternal"
  },
  "WindowSystemContextActionAlpha": {
    "message": "Deckkraft",
    "description": "Window.DrawInternal"
  },
  "WindowSystemContextActionReset": {
    "message": "Zurücksetzen",
    "description": "Window.DrawInternal"
  },
  "WindowSystemContextActionClickthroughDisclaimer": {
    "message": "Öffne dieses Menü erneut, um Durchklick zu deaktivieren.",
    "description": "Window.DrawInternal"
  },
  "WindowSystemContextActionDisclaimer": {
    "message": "Diese Optionen funktionieren im Moment möglicherweise nicht für alle Plugins.",
    "description": "Window.DrawInternal"
  },
  "WindowSystemContextActionViewportDisclaimer": {
    "message": "Diese Funktionen sind nur verfügbar, wenn sich dieses Fenster im Spielfenster befindet.",
    "description": "Window.DrawInternal"
  },
  "DalamudUnloadHelp": {
    "message": "Entläd das XIVLauncher In-Game-Addon.",
    "description": "DalamudCommands..ctor"
  },
  "DalamudCmdInfoHelp": {
    "message": "Zeigt die Liste der verfügbaren Befehle an. Wenn ein Argument angegeben wird, zeigt Hilfe für diesen Befehl an.",
    "description": "DalamudCommands..ctor"
  },
  "DalamudMuteHelp": {
    "message": "Gib ein Wort oder einen Satz ein, der nicht im Chat auftauchen soll. Nutzung: /xlmute <word or sentence>",
    "description": "DalamudCommands..ctor"
  },
  "DalamudMuteListHelp": {
    "message": "Listet stummgeschaltete Worte oder Sätze auf.",
    "description": "DalamudCommands..ctor"
  },
  "DalamudUnmuteHelp": {
    "message": "Löscht ein Wort oder einen Satz von der Liste der stummgeschalteten Worte. Nutzung: /xlunmute <word or sentence>",
    "description": "DalamudCommands..ctor"
  },
  "DalamudLastLinkHelp": {
    "message": "Öffnet den zuletzt im Chat geposteten Link in deinem Browser.",
    "description": "DalamudCommands..ctor"
  },
  "DalamudBgmSetHelp": {
    "message": "Setzt die Hintergrundmusik im Spiel. Nutzung: /xlbgmset <BGM ID>",
    "description": "DalamudCommands..ctor"
  },
  "DalamudDevMenuHelp": {
    "message": "Öffne das dev-Menü DEBUG",
    "description": "DalamudCommands..ctor"
  },
  "DalamudPluginStats": {
    "message": "Plugin-Statistiken anzeigen",
    "description": "DalamudCommands..ctor"
  },
  "DalamudBranchSwitcher": {
    "message": "Branch-Schalter anzeigen",
    "description": "DalamudCommands..ctor"
  },
  "DalamudDevDataMenuHelp": {
    "message": "Draw dev data menu DEBUG. Usage: /xldata [Data Dropdown Type]",
    "description": "DalamudCommands..ctor"
  },
  "DalamudDevLogHelp": {
    "message": "Dev Log DEBUG öffnen",
    "description": "DalamudCommands..ctor"
  },
  "DalamudInstallerHelp": {
    "message": "Öffnet den Plugin-Installer",
    "description": "DalamudCommands..ctor"
  },
  "DalamudLanguageHelp": {
    "message": "Ändere die Sprache, in der Dalamud und Plugins dargestellt werden. Verfügbare Sprachen: ",
    "description": "DalamudCommands..ctor"
  },
  "DalamudSettingsHelp": {
    "message": "Ändere verschiedene Einstellungen, wie Chat-Kanäle und den Discord Bot.",
    "description": "DalamudCommands..ctor"
  },
  "DalamudUiModeHelp": {
    "message": "Dalamud UI-Anzeigemodi umschalten. Native UI-Modifikationen können auch davon betroffen sein, aber das hängt vom Plugin ab.",
    "description": "DalamudCommands..ctor"
  },
  "DalamudProfilerHelp": {
    "message": "Öffne Dalamuds Startup-Timing Profiler.",
    "description": "DalamudCommands..ctor"
  },
  "DalamudCmdHelpAvailable": {
    "message": "Verfügbare Kommandos:",
    "description": "DalamudCommands.OnHelpCommand"
  },
  "DalamudCmdHelpNotFound": {
    "message": "Befehl wurde nicht gefunden.",
    "description": "DalamudCommands.OnHelpCommand"
  },
  "DalamudMuteNoArgs": {
    "message": "Du musst ein Wort eingeben, welche du stummstellen willst.",
    "description": "DalamudCommands.OnBadWordsAddCommand"
  },
  "DalamudMuted": {
    "message": "\"{0}\" stummgeschaltet.",
    "description": "DalamudCommands.OnBadWordsAddCommand"
  },
  "DalamudNoneMuted": {
    "message": "Keine stummgeschalteten Wörte oder Sätze.",
    "description": "DalamudCommands.OnBadWordsListCommand"
  },
  "DalamudUnmuted": {
    "message": "\"{0}\" freigegeben.",
    "description": "DalamudCommands.OnBadWordsRemoveCommand"
  },
  "DalamudNoLastLink": {
    "message": "Keinen Link gefunden...",
    "description": "DalamudCommands.OnLastLinkCommand"
  },
  "DalamudOpeningLink": {
    "message": "{0} wird geöffnet",
    "description": "DalamudCommands.OnLastLinkCommand"
  },
  "DalamudLanguageSetTo": {
    "message": "Sprache auf {0} geändert",
    "description": "DalamudCommands.OnSetLanguageCommand"
  },
  "TSMDalamudPlugins": {
    "message": "Plugins",
    "description": "<>c__DisplayClass27_0.<.ctor>b__0"
  },
  "TSMDalamudSettings": {
    "message": "Einstellungen",
    "description": "<>c__DisplayClass27_0.<.ctor>b__0"
  },
  "TSMDalamudDevMenu": {
    "message": "Entwicklermenü",
    "description": "<>c__DisplayClass27_0.<.ctor>b__0"
  },
  "ImGuiClipboardFunctionProviderClipboardInUse": {
    "message": "Eine andere Anwendung benutzt die Zwischenablage. Versuchen es später erneut.",
    "description": "ImGuiClipboardFunctionProvider.OpenClipboardOrShowError"
  },
  "ImGuiClipboardFunctionProviderErrorCopy": {
    "message": "Fehler beim Kopieren. Siehe Protokolle für Details.",
    "description": "ImGuiClipboardFunctionProvider.SetClipboardTextImpl"
  },
  "ImGuiClipboardFunctionProviderErrorPaste": {
    "message": "Fehler beim Einfügen. Siehe Protokolle für Details.",
    "description": "ImGuiClipboardFunctionProvider.GetClipboardTextImpl"
  },
  "InstallerDevTools": {
    "message": "Entwickler-Tools",
    "description": "Locs.get_Group_DevTools"
  },
  "InstallerInstalledPlugins": {
    "message": "Installierte Plugins",
    "description": "Locs.get_Group_Installed"
  },
  "InstallerAllPlugins": {
    "message": "Alle Plugins",
    "description": "Locs.get_Group_Available"
  },
  "InstallerChangelog": {
    "message": "Changelog",
    "description": "Locs.get_Group_Changelog"
  },
  "InstallerCategoryAll": {
    "message": "Alle",
    "description": "Locs.get_Category_All"
  },
  "InstallerCategoryIsTesting": {
    "message": "Aktuell am Testen",
    "description": "Locs.get_Category_IsTesting"
  },
  "InstallerCategoryAvailableForTesting": {
    "message": "Test verfügbar",
    "description": "Locs.get_Category_AvailableForTesting"
  },
  "InstallerInstalledDevPlugins": {
    "message": "Installierte Entwickler-Plugins",
    "description": "Locs.get_Category_DevInstalled"
  },
  "InstallerCategoryPluginProfiles": {
    "message": "Plugin-Sammlungen",
    "description": "Locs.get_Category_PluginProfiles"
  },
  "InstallerCategoryOther": {
    "message": "Sonstiges",
    "description": "Locs.get_Category_Other"
  },
  "InstallerCategoryJobs": {
    "message": "Jobs",
    "description": "Locs.get_Category_Jobs"
  },
  "InstallerCategoryUI": {
    "message": "UI",
    "description": "Locs.get_Category_UI"
  },
  "InstallerCategoryMiniGames": {
    "message": "Mini-Spiele",
    "description": "Locs.get_Category_MiniGames"
  },
  "InstallerCategoryInventory": {
    "message": "Inventar",
    "description": "Locs.get_Category_Inventory"
  },
  "InstallerCategorySound": {
    "message": "Ton",
    "description": "Locs.get_Category_Sound"
  },
  "InstallerCategorySocial": {
    "message": "Soziales",
    "description": "Locs.get_Category_Social"
  },
  "InstallerCategoryUtility": {
    "message": "Tools",
    "description": "Locs.get_Category_Utility"
  },
  "InstallerCategoryPlugins": {
    "message": "Plugins",
    "description": "Locs.get_Category_Plugins"
  },
  "InstallerCategoryDalamud": {
    "message": "Dalamud",
    "description": "Locs.get_Category_Dalamud"
  },
  "DalamudGamepadModeNotifierText": {
    "message": "Gamepad-Modus ist aktiviert. Drücke L1+L3, um ihn zu deaktivieren, drücke R3, um den Plugin-Installer zu öffnen.",
    "description": "GamepadModeNotifierWindow.Draw"
  },
  "RenameStyleModalTitle": {
    "message": "Stil umbenennen",
    "description": "StyleEditorWindow.Draw"
  },
  "StyleEditorChooseStyle": {
    "message": "Stil auswählen:",
    "description": "StyleEditorWindow.Draw"
  },
  "StyleEditorAddNew": {
    "message": "Neuen Stil hinzufügen",
    "description": "StyleEditorWindow.Draw"
  },
  "StyleEditorDeleteStyle": {
    "message": "Aktuellen Stil löschen",
    "description": "StyleEditorWindow.Draw"
  },
  "StyleEditorRenameStyle": {
    "message": "Stil umbenennen",
    "description": "StyleEditorWindow.Draw"
  },
  "StyleEditorCopy": {
    "message": "Stil zur Freigabe in die Zwischenablage kopieren",
    "description": "StyleEditorWindow.Draw"
  },
  "StyleEditorImport": {
    "message": "Stil aus Zwischenablage importieren",
    "description": "StyleEditorWindow.Draw"
  },
  "StyleEditorNotAllowed": {
    "message": "Du kannst eingebaute Stile nicht bearbeiten. Bitte füge zuerst einen neuen Stil hinzu.",
    "description": "StyleEditorWindow.Draw"
  },
  "StyleEditorApplying": {
    "message": "Stil wird angewendet...",
    "description": "StyleEditorWindow.Draw"
  },
  "StyleEditorVariables": {
    "message": "Variablen",
    "description": "StyleEditorWindow.Draw"
  },
  "StyleEditorColors": {
    "message": "Farben",
    "description": "StyleEditorWindow.Draw"
  },
  "Close": {
    "message": "Schließen",
    "description": "StyleEditorWindow.Draw"
  },
  "SaveAndClose": {
    "message": "Speichern und Schließen",
    "description": "StyleEditorWindow.Draw"
  },
  "StyleEditorEnterName": {
    "message": "Bitte gebe den neuen Namen für diesen Stil ein.",
    "description": "StyleEditorWindow.Draw"
  },
  "DalamudSettingsHeader": {
    "message": "Dalamud-Einstellungen",
    "description": "SettingsWindow..ctor"
  },
  "DalamudSettingsSave": {
    "message": "Änderungen speichern",
    "description": "SettingsWindow.Draw"
  },
  "DalamudSettingsSaveAndExit": {
    "message": "Änderungen speichern und schließen",
    "description": "SettingsWindow.Draw"
  },
  "DalamudSettingsDevPluginLocation": {
    "message": "Entwickler-Plugin Pfade",
    "description": "DevPluginsSettingsEntry..ctor"
  },
  "DalamudSettingsChanged": {
    "message": "(geändert)",
    "description": "DevPluginsSettingsEntry.Draw"
  },
  "DalamudSettingsDevPluginLocationsHint": {
    "message": "Füge zusätzliche Entwickler-Plugin Pfade hinzu.\nDies kann entweder das Verzeichnis oder der DLL-Pfad sein.",
    "description": "DevPluginsSettingsEntry.Draw"
  },
  "DalamudDevPluginLocationExists": {
    "message": "Pfad existiert bereits.",
    "description": "DevPluginsSettingsEntry.Draw"
  },
  "DalamudDevPluginInvalid": {
    "message": "Der eingegebene Wert ist kein gültiger Pfad zu einem potenziellen Entwickler-Plugin.\nMeintest du stattdessen, ihn als benutzerdefiniertes Plugin-Repository in die Felder unten eingeben?",
    "description": "DevPluginsSettingsEntry.Draw"
  },
  "DalamudSettingsLanguage": {
    "message": "Sprache",
    "description": "LanguageChooserSettingsEntry..ctor"
  },
  "DalamudSettingsLanguageHint": {
    "message": "Wähle die Anzeigesprache für Dalamud.",
    "description": "LanguageChooserSettingsEntry.Draw"
  },
  "DalamudSettingsCustomRepo": {
    "message": "Drittanbieter-Quellen",
    "description": "ThirdRepoSettingsEntry.Draw"
  },
  "DalamudSettingCustomRepoHint": {
    "message": "Hier kannst du Drittanbieter-Quellen hinzufügen.",
    "description": "ThirdRepoSettingsEntry.Draw"
  },
  "DalamudSettingCustomRepoWarningReadThis": {
    "message": "LIES DAS HIER ZUERST!",
    "description": "ThirdRepoSettingsEntry.Draw"
  },
  "DalamudSettingCustomRepoWarning": {
    "message": "Wir können keine Verantwortung für Plugins von Custom Repositories übernehmen.",
    "description": "ThirdRepoSettingsEntry.Draw"
  },
  "DalamudSettingCustomRepoWarning5": {
    "message": "Wenn dir jemand gesagt hat, hier etwas zu kopieren/einzufügen, ist es sehr wahrscheinlich, dass du betrogen oder ausgenutzt wirst.",
    "description": "ThirdRepoSettingsEntry.Draw"
  },
  "DalamudSettingCustomRepoWarning2": {
    "message": "Plugins haben wie jedes andere Programm die volle Kontrolle über deinen PC, und können Schaden anrichten oder abstürzen.",
    "description": "ThirdRepoSettingsEntry.Draw"
  },
  "DalamudSettingCustomRepoWarning4": {
    "message": "Sie können deinen Charakter löschen, deine FC oder deinen Discord-Account stehlen und dein Haus niederbrennen.",
    "description": "ThirdRepoSettingsEntry.Draw"
  },
  "DalamudSettingCustomRepoWarning3": {
    "message": "Bitte stelle unbedingt sicher, dass du nur Plugins von Entwicklern installierst, denen du vertraust.",
    "description": "ThirdRepoSettingsEntry.Draw"
  },
  "DalamudSettingCustomRepoWarningPleaseWait": {
    "message": "Bitte warte {0} Sekunden...",
    "description": "ThirdRepoSettingsEntry.Draw"
  },
  "DalamudSettingCustomRepoWarningIReadIt": {
    "message": "Ok, ich habe diese Warnung gelesen und verstanden",
    "description": "ThirdRepoSettingsEntry.Draw"
  },
  "DalamudThirdRepoExists": {
    "message": "Diese Quelle existiert bereits.",
    "description": "ThirdRepoSettingsEntry.Draw"
  },
  "DalamudThirdRepoNotUrl": {
    "message": "Die eingegebene Adresse ist keine gültige URL.\nMochtest du sie stattdessen als Entwickler-Plugin in die obigen Felder eingeben?",
    "description": "ThirdRepoSettingsEntry.Draw"
  },
  "DalamudAbout": {
    "message": "Über Dalamud",
    "description": "SettingsTabAbout.get_Title"
  },
  "DalamudSettingsServerInfoBar": {
    "message": "Server-Infoleiste",
    "description": "SettingsTabDtr.get_Title"
  },
  "DalamudSettingServerInfoBarHint": {
    "message": "Plugins können zusätzliche Informationen in die Server-Informationsleiste einfügen (da, wo deine Welt & Zeit sichtbar sind).\nDu kannst diese hier neu ordnen und deaktivieren.",
    "description": "SettingsTabDtr.Draw"
  },
  "DalamudSettingServerInfoBarDidNone": {
    "message": "Du hast keine Plugins, die diese Funktion verwenden.",
    "description": "SettingsTabDtr.Draw"
  },
  "DalamudSettingServerInfoBarSpacing": {
    "message": "Abstand zwischen Elementen",
    "description": "SettingsTabDtr.Draw"
  },
  "DalamudSettingServerInfoBarSpacingHint": {
    "message": "Konfiguriere hier den Abstand zwischen den Einträgen in der Server-Infoleiste.",
    "description": "SettingsTabDtr.Draw"
  },
  "DalamudSettingServerInfoBarDirection": {
    "message": "Richtung der Server-Infoleiste",
    "description": "SettingsTabDtr.Draw"
  },
  "DalamudSettingServerInfoBarDirectionHint": {
    "message": "Wenn aktiviert, werden die Elemente der Server Info Bar nach rechts anstatt nach links erweitert.",
    "description": "SettingsTabDtr.Draw"
  },
  "DalamudSettingsExperimental": {
    "message": "Experimentell",
    "description": "SettingsTabExperimental.get_Title"
  },
  "DalamudSettingsPluginTest": {
    "message": "Plugin-Testversionen erhalten",
    "description": "SettingsTabExperimental..ctor"
  },
  "DalamudSettingsPluginTestHint": {
    "message": "Erhalte Test-Builds für ausgewählte Plugins.\nUm ein Plugin zu testen, musst du es mit der rechten Maustaste im \"{0}\" Tab des Plugin-Installers anklicken und \"{1} \" auswählen.",
    "description": "SettingsTabExperimental..ctor"
  },
  "DalamudSettingsPluginTestWarning": {
    "message": "Test-Plugins wurden möglicherweise nicht von uns geprüft und könnten Fehler enthalten. Bitte aktiviere dies nur, wenn du dir der Risiken bewusst bist.",
    "description": "SettingsTabExperimental..ctor"
  },
  "DalamudSettingEnablePluginUIAdditionalOptions": {
    "message": "Fügt einen Button in die Titelleiste der Plugin-Fenster ein, um zusätzliche Optionen zu öffnen",
    "description": "SettingsTabExperimental..ctor"
  },
  "DalamudSettingEnablePluginUIAdditionalOptionsHint": {
    "message": "Auf diese Weise können Sie bestimmte Plugin-Fenster anpinnen, ihre Deckkraft anpassen oder sie durchklickbar machen.\nDies wird möglicherweise nicht von allen Plugins unterstützt. Kontaktieren Sie den Plugin-Autor, falls ein Plugin diese Funktion nicht unterstützt.",
    "description": "SettingsTabExperimental..ctor"
  },
  "DalamudSettingsClearHidden": {
    "message": "Versteckte Plugins wiederherstellen",
    "description": "SettingsTabExperimental..ctor"
  },
  "DalamudSettingsClearHiddenHint": {
    "message": "Diese Option bringt Plugins, die du vorher im Plugin-Installer versteckt hast, zurück.",
    "description": "SettingsTabExperimental..ctor"
  },
  "DalamudSettingsGeneral": {
    "message": "Allgemein",
    "description": "SettingsTabGeneral.get_Title"
  },
  "DalamudSettingsChannel": {
    "message": "Dalamud-Chatkanal",
    "description": "SettingsTabGeneral..ctor"
  },
  "DalamudSettingsChannelHint": {
    "message": "Wähle den Chat-Kanal, der für generelle Nachrichten von Dalamud verwendet werden soll.",
    "description": "SettingsTabGeneral..ctor"
  },
  "DalamudSettingsWaitForPluginsOnStartup": {
    "message": "Wait for plugins before game loads",
    "description": "SettingsTabGeneral..ctor"
  },
  "DalamudSettingsWaitForPluginsOnStartupHint": {
    "message": "Do not let the game load, until plugins are loaded.",
    "description": "SettingsTabGeneral..ctor"
  },
  "DalamudSettingsFlash": {
    "message": "Fenster aufblinken lassen, wenn ein Inhalt gefunden wurde",
    "description": "SettingsTabGeneral..ctor"
  },
  "DalamudSettingsFlashHint": {
    "message": "Aktiviere diese Option, falls das FFXIV-Icon in der Taskleiste aufblinken soll, wenn ein Inhalt gefunden wird.",
    "description": "SettingsTabGeneral..ctor"
  },
  "DalamudSettingsDutyFinderMessage": {
    "message": "Chat-Nachricht, wenn ein Inhalt gefunden wurde",
    "description": "SettingsTabGeneral..ctor"
  },
  "DalamudSettingsDutyFinderMessageHint": {
    "message": "Aktiviere diese Option, falls eine Nachricht in den Chat gesendet werden soll, wenn ein Inhalt gefunden wird.",
    "description": "SettingsTabGeneral..ctor"
  },
  "DalamudSettingsPrintDalamudWelcomeMsg": {
    "message": "Display Dalamud's welcome message",
    "description": "SettingsTabGeneral..ctor"
  },
  "DalamudSettingsPrintDalamudWelcomeMsgHint": {
    "message": "Display Dalamud's welcome message in FFXIV chat when logging in with a character.",
    "description": "SettingsTabGeneral..ctor"
  },
  "DalamudSettingsPrintPluginsWelcomeMsg": {
    "message": "Geladene Plugins in der Login-Nachricht anzeigen",
    "description": "SettingsTabGeneral..ctor"
  },
  "DalamudSettingsPrintPluginsWelcomeMsgHint": {
    "message": "Zeigt geladene Plugins im FFXIV Chat an, wenn du dich mit einem Charakter anmeldest.",
    "description": "SettingsTabGeneral..ctor"
  },
  "DalamudSettingsAutoUpdatePlugins": {
    "message": "Plugins automatisch aktualisieren",
    "description": "SettingsTabGeneral..ctor"
  },
  "DalamudSettingsAutoUpdatePluginsMsgHint": {
    "message": "Plugins automatisch aktualisieren, wenn du dich mit einem Charakter anmeldest.",
    "description": "SettingsTabGeneral..ctor"
  },
  "DalamudSettingsSystemMenu": {
    "message": "Dalamud-Verknüpfungen im Systemmenü",
    "description": "SettingsTabGeneral..ctor"
  },
  "DalamudSettingsSystemMenuMsgHint": {
    "message": "Fügt Verknüpfungen für Dalamud-Plugins und Einstellungen in das Systemmenü ein.",
    "description": "SettingsTabGeneral..ctor"
  },
  "DalamudSettingsEnableRmtFiltering": {
    "message": "Enable RMT Filtering",
    "description": "SettingsTabGeneral..ctor"
  },
  "DalamudSettingsEnableRmtFilteringMsgHint": {
    "message": "Enable Dalamud's built-in RMT ad filtering.",
    "description": "SettingsTabGeneral..ctor"
  },
  "DalamudSettingDoMbCollect": {
    "message": "Marktbrettdaten anonym hochladen",
    "description": "SettingsTabGeneral..ctor"
  },
  "DalamudSettingDoMbCollectHint": {
    "message": "Universalis liefert beim durchstöbern des Marktbretts anonym Daten über die Ingame-Ökonomie. Diese Daten können in keiner Weise an dich gebunden werden und alle profitieren davon!",
    "description": "SettingsTabGeneral..ctor"
  },
  "DalamudSettingsChannelNone": {
    "message": "Do not pick \"None\".",
    "description": "<>c.<.ctor>b__5_2"
  },
  "DalamudSettingsVisual": {
    "message": "Aussehen",
    "description": "SettingsTabLook.get_Title"
  },
  "DalamudSettingsGlobalUiScale": {
    "message": "Globale Schriftskalierung",
    "description": "SettingsTabLook.Draw"
  },
  "DalamudSettingsFontBuildInProgressWithEndingThreeDots": {
    "message": "Building fonts...",
    "description": "SettingsTabLook.Draw"
  },
  "DalamudSettingsGlobalUiScaleHint": {
    "message": "Skaliere Text in allen XIVLauncher Interface-Elementen - dies ist nützlich für 4K-Monitore.",
    "description": "SettingsTabLook.Draw"
  },
  "DalamudSettingsFontBuildFaulted": {
    "message": "Failed to load fonts as requested.",
    "description": "SettingsTabLook.Draw"
  },
  "DalamudSettingChooseDefaultFont": {
    "message": "Choose Default Font",
    "description": "SettingsTabLook.Draw"
  },
  "DalamudSettingResetDefaultFont": {
    "message": "Reset Default Font",
    "description": "SettingsTabLook.Draw"
  },
  "DalamudSettingsOpenStyleEditor": {
    "message": "Stil-Editor öffnen",
    "description": "SettingsTabLook..ctor"
  },
  "DalamudSettingsStyleEditorHint": {
    "message": "Ändere das Aussehen von Dalamud-Fenstern.",
    "description": "SettingsTabLook..ctor"
  },
  "DalamudSettingsUseDarkMode": {
    "message": "Use Windows immersive/dark mode",
    "description": "SettingsTabLook..ctor"
  },
  "DalamudSettingsUseDarkModeHint": {
    "message": "This will cause the FFXIV window title bar to follow your preferred Windows color settings, and switch to dark mode if enabled.",
    "description": "SettingsTabLook..ctor"
  },
  "DalamudSettingToggleUiHideOptOutNote": {
    "message": "Plugins können sich selbständig von den folgenden Einstellungen ausschließen.",
    "description": "SettingsTabLook..ctor"
  },
  "DalamudSettingToggleUiHide": {
    "message": "Verstecke UI, wenn das Spiel UI versteckt wird",
    "description": "SettingsTabLook..ctor"
  },
  "DalamudSettingToggleUiHideHint": {
    "message": "Aktiviere diese Option, um alle offenen XIVLauncher Fenster zu verstecken, wenn das HUD des Spiels versteckt wird.",
    "description": "SettingsTabLook..ctor"
  },
  "DalamudSettingToggleUiHideDuringCutscenes": {
    "message": "Plugin-Fenster während Cutscenes verstecken",
    "description": "SettingsTabLook..ctor"
  },
  "DalamudSettingToggleUiHideDuringCutscenesHint": {
    "message": "Versteckt alle Plugin-Fenster, wenn eine Cutscene abgespielt wird.",
    "description": "SettingsTabLook..ctor"
  },
  "DalamudSettingToggleUiHideDuringGpose": {
    "message": "Plugin-Fenster während Gpose verstecken",
    "description": "SettingsTabLook..ctor"
  },
  "DalamudSettingToggleUiHideDuringGposeHint": {
    "message": "Versteckt alle Plugin-Fenster, wenn der Gpose-Modus aktiv ist.",
    "description": "SettingsTabLook..ctor"
  },
  "DalamudSettingToggleFocusManagement": {
    "message": "Escape nutzen, um Dalamud Fenster zu schließen",
    "description": "SettingsTabLook..ctor"
  },
  "DalamudSettingToggleFocusManagementHint": {
    "message": "Dies führt dazu, dass sich die Dalamud-Fenster beim Drücken von Escape wie die Fenster im Spiel verhalten.\nSie schließen eins nach dem anderen, bis alle geschlossen sind. Kann nicht für alle Plugins funktionieren.",
    "description": "SettingsTabLook..ctor"
  },
  "DalamudSettingToggleViewports": {
    "message": "Multi-Monitor-Fenster aktivieren",
    "description": "SettingsTabLook..ctor"
  },
  "DalamudSettingToggleViewportsHint": {
    "message": "Dies ermöglicht das Verschieben von Plugin-Fenstern auf andere Monitore.\nFunktioniert nur im randlosen Fenstermodus oder im Fenstermodus.",
    "description": "SettingsTabLook..ctor"
  },
  "DalamudSettingToggleDocking": {
    "message": "Fenster-Docking aktivieren",
    "description": "SettingsTabLook..ctor"
  },
  "DalamudSettingToggleDockingHint": {
    "message": "Dies erlaubt es, Plugin-Fenster zu \"verschmelzen\" und zu docken.",
    "description": "SettingsTabLook..ctor"
  },
  "DalamudSettingEnablePluginUISoundEffects": {
    "message": "Enable sound effects for plugin windows",
    "description": "SettingsTabLook..ctor"
  },
  "DalamudSettingEnablePluginUISoundEffectsHint": {
    "message": "This will allow you to enable or disable sound effects generated by plugin user interfaces.\nThis is affected by your in-game `System Sounds` volume settings.",
    "description": "SettingsTabLook..ctor"
  },
  "DalamudSettingToggleGamepadNavigation": {
    "message": "Plugins über Gamepad steuern",
    "description": "SettingsTabLook..ctor"
  },
  "DalamudSettingToggleGamepadNavigationHint": {
    "message": "Dies erlaubt es dir, zwischen Spiel- und Plugin-Navigation über L1+L3 umzuschalten.\nSchalte das Plugin-Installer-Fenster über R3 um, wenn die ImGui-Navigation aktiviert ist.",
    "description": "SettingsTabLook..ctor"
  },
  "DalamudSettingToggleTsm": {
    "message": "Titelbildschirm-Menü anzeigen",
    "description": "SettingsTabLook..ctor"
  },
  "DalamudSettingToggleTsmHint": {
    "message": "Dies erlaubt es dir, einige Dalamud- und Plugin-Funktionen vom Titelbildschirm zu nutzen.",
    "description": "SettingsTabLook..ctor"
  },
  "DalamudSettingInstallerOpenDefault": {
    "message": "Open the Plugin Installer to the \"Installed Plugins\" tab by default",
    "description": "SettingsTabLook..ctor"
  },
  "DalamudSettingInstallerOpenDefaultHint": {
    "message": "This will allow you to open the Plugin Installer to the \"Installed Plugins\" tab by default, instead of the \"Available Plugins\" tab.",
    "description": "SettingsTabLook..ctor"
  },
  "DalamudSettingReducedMotion": {
    "message": "Reduce motions",
    "description": "SettingsTabLook..ctor"
  },
  "DalamudSettingReducedMotionHint": {
    "message": "This will suppress certain animations from Dalamud, such as the notification popup.",
    "description": "SettingsTabLook..ctor"
  },
  "ChangelogNoText": {
    "message": "No changelog for this version.",
    "description": "PluginChangelogEntry..ctor"
  },
  "InstallerHeader": {
    "message": "Plugin-Installer",
    "description": "Locs.get_WindowTitle"
  },
  "InstallerHeaderTesting": {
    "message": " (TESTMODUS)",
    "description": "Locs.get_WindowTitleMod_Testing"
  },
  "InstallerHint": {
    "message": "This window allows you to install and remove Dalamud plugins.\nThey are made by the community.",
    "description": "Locs.get_Header_Hint"
  },
  "InstallerSearch": {
    "message": "Suche",
    "description": "Locs.get_Header_SearchPlaceholder"
  },
  "InstallerAlphabetical": {
    "message": "Alphabetisch",
    "description": "Locs.get_SortBy_Alphabetical"
  },
  "InstallerDownloadCount": {
    "message": "Download-Anzahl",
    "description": "Locs.get_SortBy_DownloadCounts"
  },
  "InstallerLastUpdate": {
    "message": "Letztes Update",
    "description": "Locs.get_SortBy_LastUpdate"
  },
  "InstallerNewOrNot": {
    "message": "Neu oder nicht neu",
    "description": "Locs.get_SortBy_NewOrNot"
  },
  "InstallerNotInstalled": {
    "message": "Nicht installiert",
    "description": "Locs.get_SortBy_NotInstalled"
  },
  "InstallerEnabledDisabled": {
    "message": "Enabled/Disabled",
    "description": "Locs.get_SortBy_EnabledDisabled"
  },
  "InstallerProfileOrNot": {
    "message": "In a collection",
    "description": "Locs.get_SortBy_ProfileOrNot"
  },
  "InstallerSortBy": {
    "message": "Sortiere nach",
    "description": "Locs.get_SortBy_Label"
  },
  "InstallerLoading": {
    "message": "Plugins werden geladen...",
    "description": "Locs.get_TabBody_LoadingPlugins"
  },
  "InstallerDownloadFailed": {
    "message": "Download fehlgeschlagen.",
    "description": "Locs.get_TabBody_DownloadFailed"
  },
  "InstallerSafeMode": {
    "message": "Dalamud läuft im Sicheren Modus, starte das Spiel neu um Plugins zu aktivieren.",
    "description": "Locs.get_TabBody_SafeMode"
  },
  "InstallerNoMatching": {
    "message": "Es wurden keine Plugins gefunden, die der Suche entsprechen.",
    "description": "Locs.get_TabBody_SearchNoMatching"
  },
  "InstallerNoCompatible": {
    "message": "Es konnten keine kompatiblen Plugins gefunden werden :( Bitte starte das Spiel neu und versuche es erneut.",
    "description": "Locs.get_TabBody_SearchNoCompatible"
  },
  "InstallerNoInstalled": {
    "message": "Derzeit sind keine Plugins installiert. Du kannst sie über die Registerkarte \"Verfügbare Plugins\" installieren.",
    "description": "Locs.get_TabBody_SearchNoInstalled"
  },
  "InstallerNoChangelog": {
    "message": "Keines deiner installierten Plugins hat einen Changelog.",
    "description": "Locs.get_TabBody_ChangelogNone"
  },
  "InstallerChangelogError": {
    "message": "Could not download changelogs.",
    "description": "Locs.get_TabBody_ChangelogError"
  },
  "InstallerInstalled": {
    "message": " (installiert)",
    "description": "Locs.get_PluginTitleMod_Installed"
  },
  "InstallerDisabled": {
    "message": " (deaktiviert)",
    "description": "Locs.get_PluginTitleMod_Disabled"
  },
  "InstallerNoService": {
    "message": " (decommissioned)",
    "description": "Locs.get_PluginTitleMod_NoService"
  },
  "InstallerUnloaded": {
    "message": " (entladen)",
    "description": "Locs.get_PluginTitleMod_Unloaded"
  },
  "InstallerHasUpdate": {
    "message": " (hat Update)",
    "description": "Locs.get_PluginTitleMod_HasUpdate"
  },
  "InstallerUpdated": {
    "message": " (Update installiert)",
    "description": "Locs.get_PluginTitleMod_Updated"
  },
  "InstallerTestingVersion": {
    "message": " (Testversion)",
    "description": "Locs.get_PluginTitleMod_TestingVersion"
  },
  "InstallerTestingExclusive": {
    "message": " (testing exclusive)",
    "description": "Locs.get_PluginTitleMod_TestingExclusive"
  },
  "InstallerTestingAvailable": {
    "message": " (has testing version)",
    "description": "Locs.get_PluginTitleMod_TestingAvailable"
  },
  "InstallerDevPlugin": {
    "message": " (dev plugin)",
    "description": "Locs.get_PluginTitleMod_DevPlugin"
  },
  "InstallerUpdateFailed": {
    "message": " (Update fehlgeschlagen)",
    "description": "Locs.get_PluginTitleMod_UpdateFailed"
  },
  "InstallerLoadError": {
    "message": " (Ladefehler)",
    "description": "Locs.get_PluginTitleMod_LoadError"
  },
  "InstallerUnloadError": {
    "message": " (Entladefehler)",
    "description": "Locs.get_PluginTitleMod_UnloadError"
  },
  "InstallerOutdatedError": {
    "message": " (veraltet)",
    "description": "Locs.get_PluginTitleMod_OutdatedError"
  },
  "InstallerBannedError": {
    "message": " (automatisch deaktiviert)",
    "description": "Locs.get_PluginTitleMod_BannedError"
  },
  "InstallerOrphanedError": {
    "message": " (unknown repository)",
    "description": "Locs.get_PluginTitleMod_OrphanedError"
  },
  "InstallerScheduledForDeletion": {
    "message": " (scheduled for deletion)",
    "description": "Locs.get_PluginTitleMod_ScheduledForDeletion"
  },
  "InstallerNewPlugin ": {
    "message": " Neu!",
    "description": "Locs.get_PluginTitleMod_New"
  },
  "InstallerTestingOptIn": {
    "message": "Receive plugin testing versions",
    "description": "Locs.get_PluginContext_TestingOptIn"
  },
  "InstallerMarkAllSeen": {
    "message": "Alle als gesehen markieren",
    "description": "Locs.get_PluginContext_MarkAllSeen"
  },
  "InstallerHidePlugin": {
    "message": "Im Installer ausblenden",
    "description": "Locs.get_PluginContext_HidePlugin"
  },
  "InstallerDeletePluginConfig": {
    "message": "Reset plugin data",
    "description": "Locs.get_PluginContext_DeletePluginConfig"
  },
  "InstallerDeletePluginConfigReload": {
    "message": "Reset plugin data and reload",
    "description": "Locs.get_PluginContext_DeletePluginConfigReload"
  },
  "InstallerAuthorWithoutDownloadCount": {
    "message": " von {0}",
    "description": "Locs.PluginBody_AuthorWithoutDownloadCount"
  },
  "InstallerAuthorWithDownloadCount": {
    "message": " by {0} ({1} downloads)",
    "description": "Locs.PluginBody_AuthorWithDownloadCount"
  },
  "InstallerAuthorWithDownloadCountUnavailable": {
    "message": " by {0}",
    "description": "Locs.PluginBody_AuthorWithDownloadCountUnavailable"
  },
  "InstallerCurrentChangeLog": {
    "message": "Changelog (v{0})",
    "description": "Locs.PluginBody_CurrentChangeLog"
  },
  "InstallerUpdateChangeLog": {
    "message": "Available update changelog (v{0})",
    "description": "Locs.PluginBody_UpdateChangeLog"
  },
  "InstallerDevPluginPath": {
    "message": "Von {0}",
    "description": "Locs.PluginBody_DevPluginPath"
  },
  "InstallerPlugin3rdPartyRepo": {
    "message": "Aus Drittanbieter-Quelle {0}",
    "description": "Locs.PluginBody_Plugin3rdPartyRepo"
  },
  "InstallerOutdatedPluginBody ": {
    "message": "This plugin is outdated and incompatible.",
    "description": "Locs.get_PluginBody_Outdated"
  },
  "InstallerOutdatedWaitForUpdate": {
    "message": "Please wait for it to be updated by its author.",
    "description": "Locs.get_PluginBody_Outdated_WaitForUpdate"
  },
  "InstallerOutdatedCanNowUpdate": {
    "message": "An update is available for installation.",
    "description": "Locs.get_PluginBody_Outdated_CanNowUpdate"
  },
  "InstallerOrphanedPluginBody ": {
    "message": "This plugin's source repository is no longer available. You may need to reinstall it from its repository, or re-add the repository.",
    "description": "Locs.get_PluginBody_Orphaned"
  },
  "InstallerNoServiceOfficialPluginBody": {
    "message": "This plugin is no longer being maintained. It will still work, but there will be no further updates and you can't reinstall it.",
    "description": "Locs.get_PluginBody_NoServiceOfficial"
  },
  "InstallerNoServiceThirdPluginBody": {
    "message": "This plugin is no longer being serviced by its source repo. You may have to look for an updated version in another repo.",
    "description": "Locs.get_PluginBody_NoServiceThird"
  },
  "InstallerLoadFailedPluginBody ": {
    "message": "This plugin failed to load. Please contact the author for more information.",
    "description": "Locs.get_PluginBody_LoadFailed"
  },
  "InstallerBannedPluginBody ": {
    "message": "This plugin was automatically disabled due to incompatibilities and is not available.",
    "description": "Locs.get_PluginBody_Banned"
  },
  "InstallerPolicyPluginBody ": {
    "message": "Plugin loads for this type of plugin were manually disabled.",
    "description": "Locs.get_PluginBody_Policy"
  },
  "InstallerBannedPluginBodyReason ": {
    "message": "Plugin wurde automatisch deaktiviert: {0}",
    "description": "Locs.PluginBody_BannedReason"
  },
  "InstallerInstall": {
    "message": "v{0} installieren",
    "description": "Locs.PluginButton_InstallVersion"
  },
  "InstallerWorking": {
    "message": "Vorgang läuft",
    "description": "Locs.get_PluginButton_Working"
  },
  "InstallerDisable": {
    "message": "Deaktivieren",
    "description": "Locs.get_PluginButton_Disable"
  },
  "InstallerLoad": {
    "message": "Laden",
    "description": "Locs.get_PluginButton_Load"
  },
  "InstallerUnload": {
    "message": "Entladen",
    "description": "Locs.get_PluginButton_Unload"
  },
  "InstallerSafeModeButton": {
    "message": "Can't change in safe mode",
    "description": "Locs.get_PluginButton_SafeMode"
  },
  "InstallerOpenPluginUi": {
    "message": "Open",
    "description": "Locs.get_PluginButton_OpenUi"
  },
  "InstallerOpenPluginSettings": {
    "message": "Einstellungen",
    "description": "Locs.get_PluginButton_OpenSettings"
  },
  "InstallerTooltipOpenUi": {
    "message": "Öffne dieses Plugin",
    "description": "Locs.get_PluginButtonToolTip_OpenUi"
  },
  "InstallerTooltipOpenConfig": {
    "message": "Öffne die Einstellungen dieses Plugins",
    "description": "Locs.get_PluginButtonToolTip_OpenConfiguration"
  },
  "InstallerPickProfiles": {
    "message": "Wähle Sammlungen für dieses Plugin",
    "description": "Locs.get_PluginButtonToolTip_PickProfiles"
  },
  "InstallerProfilesNotSupported": {
    "message": "Dieses Plugin unterstützt keine Sammlungen",
    "description": "Locs.get_PluginButtonToolTip_ProfilesNotSupported"
  },
  "InstallerStartOnBoot": {
    "message": "Beim Starten laden",
    "description": "Locs.get_PluginButtonToolTip_StartOnBoot"
  },
  "InstallerAutomaticReloading": {
    "message": "Automatisches neuladen",
    "description": "Locs.get_PluginButtonToolTip_AutomaticReloading"
  },
  "InstallerDeletePlugin ": {
    "message": "Plugin löschen",
    "description": "Locs.get_PluginButtonToolTip_DeletePlugin"
  },
  "InstallerDeletePluginRestricted": {
    "message": "Kann gerade nicht gelöscht werden - bitte starte das Spiel neu.",
    "description": "Locs.get_PluginButtonToolTip_DeletePluginRestricted"
  },
  "InstallerDeletePluginScheduled": {
    "message": "Plugin beim nächsten Neustart löschen",
    "description": "Locs.get_PluginButtonToolTip_DeletePluginScheduled"
  },
  "InstallerDeletePluginScheduledCancel": {
    "message": "Geplante Löschung abbrechen",
    "description": "Locs.get_PluginButtonToolTip_DeletePluginScheduledCancel"
  },
  "InstallerDeletePluginLoaded": {
    "message": "Deaktiviere dieses Plugin, bevor du es löschst.",
    "description": "Locs.get_PluginButtonToolTip_DeletePluginLoaded"
  },
  "InstallerVisitPluginUrl": {
    "message": "Plugin-Seite besuchen",
    "description": "Locs.get_PluginButtonToolTip_VisitPluginUrl"
  },
  "InstallerUpdateSingle": {
    "message": "Aktualisieren auf {0}",
    "description": "Locs.PluginButtonToolTip_UpdateSingle"
  },
  "InstallerLoadUnloadFailedTooltip": {
    "message": "Laden/Entladen des Plugins fehlgeschlagen, bitte starte dein Spiel neu und versuche es erneut.",
    "description": "Locs.get_PluginButtonToolTip_UnloadFailed"
  },
  "InstallerUnloadNeedsToBeInDefault": {
    "message": "Dieses Plugin ist in einer oder mehreren Sammlungen. Wenn du es aktivieren oder deaktivieren möchten, tue dies bitte durch Aktivieren oder Deaktivieren der Sammlungen, in denen es sich befindet.\nWenn du es manuell verwalten möchtest, entferne es aus allen Sammlungen.",
    "description": "Locs.get_PluginButtonToolTip_NeedsToBeInDefault"
  },
  "InstallerUnloadNeedsToBeInSingleProfile": {
    "message": "Dieses Plugin ist in mehr als einer Sammlung. Wenn du es aktivieren oder deaktivieren möchten, tun Sie dies bitte durch Aktivieren oder Deaktivieren der Sammlungen, in denen es sich befindet.\nWenn du es hier verwalten möchtest, stelle sicher, dass es nur in einer einzigen Sammlung ist.",
    "description": "Locs.get_PluginButtonToolTip_NeedsToBeInSingleProfile"
  },
  "InstallerSingleProfileDisabled": {
    "message": "Die Sammlung '{0}', die dieses Plugin enthält, ist deaktiviert.\nBitte aktiviere sie im Sammlungs-Manager, um das Plugin einzeln umzuschalten.",
    "description": "Locs.PluginButtonToolTip_SingleProfileDisabled"
  },
  "NotificationsPluginInstalledTitle": {
    "message": "Plugin installiert!",
    "description": "Locs.get_Notifications_PluginInstalledTitle"
  },
  "NotificationsPluginInstalled": {
    "message": "'{0}' wurde erfolgreich installiert.",
    "description": "Locs.Notifications_PluginInstalled"
  },
  "NotificationsPluginNotInstalledTitle": {
    "message": "Plugin nicht installiert!",
    "description": "Locs.get_Notifications_PluginNotInstalledTitle"
  },
  "NotificationsPluginNotInstalled": {
    "message": "'{0}' konnte nicht installiert werden.",
    "description": "Locs.Notifications_PluginNotInstalled"
  },
  "NotificationsNoUpdatesFoundTitle": {
    "message": "Keine Updates gefunden!",
    "description": "Locs.get_Notifications_NoUpdatesFoundTitle"
  },
  "NotificationsNoUpdatesFound": {
    "message": "Keine Updates gefunden.",
    "description": "Locs.get_Notifications_NoUpdatesFound"
  },
  "NotificationsUpdatesInstalledTitle": {
    "message": "Updates installiert!",
    "description": "Locs.get_Notifications_UpdatesInstalledTitle"
  },
  "NotificationsUpdatesInstalled": {
    "message": "Updates für {0} Plugin(s) wurden installiert.",
    "description": "Locs.Notifications_UpdatesInstalled"
  },
  "NotificationsPluginDisabledTitle": {
    "message": "Plugin deaktiviert!",
    "description": "Locs.get_Notifications_PluginDisabledTitle"
  },
  "NotificationsPluginDisabled": {
    "message": "'{0}' wurde deaktiviert.",
    "description": "Locs.Notifications_PluginDisabled"
  },
  "NotificationsPluginEnabledTitle": {
    "message": "Plugin aktiviert!",
    "description": "Locs.get_Notifications_PluginEnabledTitle"
  },
  "NotificationsPluginEnabled": {
    "message": "'{0}' wurde aktiviert.",
    "description": "Locs.Notifications_PluginEnabled"
  },
  "InstallerUpdatePlugins": {
    "message": "Plugins aktualisieren",
    "description": "Locs.get_FooterButton_UpdatePlugins"
  },
  "InstallerUpdateSafeMode": {
    "message": "Im sicheren Modus kann nicht aktualisiert werden",
    "description": "Locs.get_FooterButton_UpdateSafeMode"
  },
  "InstallerInProgress": {
    "message": "Wird installiert...",
    "description": "Locs.get_FooterButton_InProgress"
  },
  "InstallerNoUpdates": {
    "message": "Keine Aktualisierungen gefunden!",
    "description": "Locs.get_FooterButton_NoUpdates"
  },
  "InstallerUpdateComplete": {
    "message": "{0} Plugins aktualisiert!",
    "description": "Locs.FooterButton_UpdateComplete"
  },
  "InstallerSettings": {
    "message": "Einstellungen",
    "description": "Locs.get_FooterButton_Settings"
  },
  "InstallerScanDevPlugins": {
    "message": "Entwickler-Plugins scannen",
    "description": "Locs.get_FooterButton_ScanDevPlugins"
  },
  "InstallerClose": {
    "message": "Schließen",
    "description": "Locs.get_FooterButton_Close"
  },
  "UpdateQuestionModal": {
    "message": "Update verfügbar",
    "description": "Locs.get_UpdateModal_Title"
  },
  "UpdateModalUpdateAvailable": {
    "message": "Ein Update für \"{0}\" ist verfügbar.\nMöchtest du es vor dem Aktivieren aktualisieren?\nAktualisierungen werden Fehler und Inkompatibilitäten beheben und möglicherweise neue Funktionen hinzufügen.",
    "description": "Locs.UpdateModal_UpdateAvailable"
  },
  "UpdateModalYes": {
    "message": "Plugin updaten",
    "description": "Locs.get_UpdateModal_Yes"
  },
  "UpdateModalNo": {
    "message": "Nur aktivieren",
    "description": "Locs.get_UpdateModal_No"
  },
  "InstallerError": {
    "message": "Installationsfehler",
    "description": "Locs.get_ErrorModal_Title"
  },
  "InstallerContactAuthor": {
    "message": "Bitte starte dein Spiel neu und versuche es erneut. Wenn dieser Fehler erneut auftritt, kontaktiere bitte den Autor des Plugins.",
    "description": "Locs.get_ErrorModal_InstallContactAuthor"
  },
  "InstallerInstallFail": {
    "message": "Konnte Plugin {0} nicht installieren.\n{1}",
    "description": "Locs.ErrorModal_InstallFail"
  },
  "InstallerSingleUpdateFail": {
    "message": "Konnte Plugin {0} nicht aktualisieren ({1}).\n{2}",
    "description": "Locs.ErrorModal_SingleUpdateFail"
  },
  "InstallerDeleteConfigFail": {
    "message": "Das Plugin {0} konnte nicht zurückgesetzt werden.\n\nDas Plugin unterstützt diese Aktion möglicherweise nicht. Du kannst versuchen, die Konfiguration manuell zu löschen, während das Spiel nicht läuft - bitte schau in der FAQ nach.",
    "description": "Locs.ErrorModal_DeleteConfigFail"
  },
  "InstallerEnableFail": {
    "message": "Konnte Plugin {0} nicht aktivieren.\n{1}",
    "description": "Locs.ErrorModal_EnableFail"
  },
  "InstallerDisableFail": {
    "message": "Konnte Plugin {0} nicht deaktivieren.\n{1}",
    "description": "Locs.ErrorModal_DisableFail"
  },
  "InstallerUnloadFail": {
    "message": "Entladen des Plugins {0} fehlgeschlagen.\n{1}",
    "description": "Locs.ErrorModal_UnloadFail"
  },
  "InstallerLoadFail": {
    "message": "Konnte Plugin {0} nicht laden.\n{1}",
    "description": "Locs.ErrorModal_LoadFail"
  },
  "InstallerDeleteFail": {
    "message": "Konnte Plugin {0} nicht löschen.\n{1}",
    "description": "Locs.ErrorModal_DeleteFail"
  },
  "InstallerUpdaterFatal": {
    "message": "Fehler beim Aktualisieren der Plugins.\nBitte starte dein Spiel neu und versuche es erneut. Falls dieser Fehler erneut auftritt, beschwere dich bitte.",
    "description": "Locs.get_ErrorModal_UpdaterFatal"
  },
  "InstallerProfileApplyFail": {
    "message": "Sammlung konnte nicht verarbeitet werden.\nBitte starte dein Spiel neu und versuche es erneut. Wenn dieser Fehler erneut auftritt, beschwere dich bitte bei uns.",
    "description": "Locs.get_ErrorModal_ProfileApplyFail"
  },
  "InstallerUpdaterFail": {
    "message": "Fehler beim Aktualisieren von {0} Plugins.\nBitte starte dein Spiel neu und versuche es erneut. Wenn dieser Fehler erneut auftritt, beschwere dich bitte.",
    "description": "Locs.ErrorModal_UpdaterFail"
  },
  "InstallerUpdaterFailPartial": {
    "message": "{0} Plugins aktualisiert, {1} konnte nicht aktualisiert werden.\nBitte starte dein Spiel neu und versuche es erneut. Wenn dieser Fehler erneut auftritt, bitte beschweren Sie sich.",
    "description": "Locs.ErrorModal_UpdaterFailPartial"
  },
  "InstallerErrorPluginInfo": {
    "message": "\n\nDie folgenden Plugins haben dieses Problem ausgelöst:\n\n{0}\nDu kannst versuchen, sie manuell zu deinstallieren.",
    "description": "Locs.ErrorModal_HintBlame"
  },
  "InstallerFeedback": {
    "message": "Feedback senden",
    "description": "Locs.get_FeedbackModal_Title"
  },
  "InstallerFeedbackInfo": {
    "message": "Du kannst hier Feedback an den Entwickler von \"{0}\" senden.",
    "description": "Locs.FeedbackModal_Text"
  },
  "InstallerFeedbackHasUpdate": {
    "message": "Eine neue Version dieses Plugins ist verfügbar, bitte aktualisiere es vor dem Melden von Fehlern.",
    "description": "Locs.get_FeedbackModal_HasUpdate"
  },
  "InstallerFeedbackContactAnonymous": {
    "message": "Feedback anonym senden",
    "description": "Locs.get_FeedbackModal_ContactAnonymous"
  },
  "InstallerFeedbackContactAnonymousWarning": {
    "message": "Es wird keine Antwort vom Entwickler geben.\nEntferne das Häkchen an \"{0}\" und gebe Kontaktinformationen an, wenn du Hilfe benötigst.",
    "description": "Locs.get_FeedbackModal_ContactAnonymousWarning"
  },
  "InstallerFeedbackContactInfo": {
    "message": "Kontakt-Informationen",
    "description": "Locs.get_FeedbackModal_ContactInformation"
  },
  "InstallerFeedbackContactInfoHelp": {
    "message": "Discord-Benutzernamen und E-Mail-Adressen werden akzeptiert.\nWenn du einen Discord Benutzernamen einreichst, trete bitte unserem Discord Server bei, damit wir dich leichter erreichen können.",
    "description": "Locs.get_FeedbackModal_ContactInformationHelp"
  },
  "InstallerFeedbackContactInfoWarning": {
    "message": "Gebe keine Charakternamen aus dem Spiel an.",
    "description": "Locs.get_FeedbackModal_ContactInformationWarning"
  },
  "InstallerFeedbackContactInfoRequired": {
    "message": "Kontaktinformationen wurden nicht bereitgestellt. Wir benötigen Kontaktdaten, um Fragen zu beantworten oder um zusätzliche Informationen zu Problembehebungen anzufordern.",
    "description": "Locs.get_FeedbackModal_ContactInformationRequired"
  },
  "ContactInformationDiscordButton": {
    "message": "Join XIVLauncher & Dalamud Discord",
    "description": "Locs.get_FeedbackModal_ContactInformationDiscordButton"
  },
  "ContactInformationDiscordUrl": {
    "message": "https://goat.place/",
    "description": "Locs.get_FeedbackModal_ContactInformationDiscordUrl"
  },
  "InstallerFeedbackIncludeLastError": {
    "message": "Letzte Fehlermeldung anhängen",
    "description": "Locs.get_FeedbackModal_IncludeLastError"
  },
  "InstallerFeedbackIncludeLastErrorHint": {
    "message": "Diese Option kann dem Plugin-Entwickler helfen, herauszufinden, was genau schief gelaufen ist.",
    "description": "Locs.get_FeedbackModal_IncludeLastErrorHint"
  },
  "InstallerFeedbackHint": {
    "message": "Alle Plugin-Entwickler werden dein Feedback sehen können.\nBitte gebe keine persönlichen oder offenbarenden Informationen ein.\nWenn du dich dafür entschieden hast, die letzte Fehlermeldung anzuhängen, können Informationen wie dein Windows-Benutzername enthalten sein.\n\nDas gesammelte Feedback wird nicht auf unserer Seite gespeichert und sofort an Discord weitergeleitet.",
    "description": "Locs.get_FeedbackModal_Hint"
  },
  "InstallerFeedbackNotificationSuccess": {
    "message": "Dein Feedback wurde erfolgreich gesendet!",
    "description": "Locs.get_FeedbackModal_NotificationSuccess"
  },
  "InstallerFeedbackNotificationError": {
    "message": "Dein Feedback konnte nicht gesendet werden.",
    "description": "Locs.get_FeedbackModal_NotificationError"
  },
  "InstallerTestingWarning": {
    "message": "Warnung###InstallerTestingWarning",
    "description": "Locs.get_TestingWarningModal_Title"
  },
  "InstallerTestingWarningDowngradeBody": {
    "message": "Take care! If you opt out of testing for a plugin, you will remain on the testing version until it is deleted and reinstalled, or the non-testing version of the plugin is updated.\nKeep in mind that you may lose the settings for this plugin if you downgrade manually.",
    "description": "Locs.get_TestingWarningModal_DowngradeBody"
  },
  "InstallerDeletePluginConfigWarning": {
    "message": "Warning###InstallerDeletePluginConfigWarning",
    "description": "Locs.get_DeletePluginConfigWarningModal_Title"
  },
  "InstallerDeletePluginConfigWarningBody": {
    "message": "Are you sure you want to delete all data and configuration for {0}?",
    "description": "Locs.DeletePluginConfigWarningModal_Body"
  },
  "InstallerDeletePluginConfigWarningYes": {
    "message": "Yes",
    "description": "Locs.get_DeletePluginConfirmWarningModal_Yes"
  },
  "InstallerDeletePluginConfigWarningNo": {
    "message": "No",
    "description": "Locs.get_DeletePluginConfirmWarningModal_No"
  },
  "DalamudPluginUpdates": {
    "message": "Aktualisierungen:",
    "description": "Locs.get_PluginUpdateHeader_Chatbox"
  },
  "OK": {
    "message": "OK",
    "description": "Locs.get_ErrorModalButton_Ok"
  },
  "SafeModeDisclaimer": {
    "message": "You enabled safe mode, no plugins will be loaded.\nYou may delete plugins from the \"Installed plugins\" tab.\nSimply restart your game to disable safe mode.",
    "description": "Locs.get_SafeModeDisclaimer"
  },
  "InstallerProfilesCouldNotAdd": {
    "message": "Couldn't add plugin to this collection.",
    "description": "Locs.get_Profiles_CouldNotAdd"
  },
  "InstallerProfilesCouldNotRemove": {
    "message": "Couldn't remove plugin from this collection.",
    "description": "Locs.get_Profiles_CouldNotRemove"
  },
  "InstallerProfilesNone": {
    "message": "No collections! Go add some in \"Plugin Collections\"!",
    "description": "Locs.get_Profiles_None"
  },
  "InstallerProfilesRemoveFromAll": {
    "message": "Remove from all collections",
    "description": "Locs.get_Profiles_RemoveFromAll"
  },
  "VerifiedCheckmarkVerifiedTooltip": {
    "message": "This plugin has been reviewed by the Dalamud team.\nIt follows our technical and safety criteria, and adheres to our guidelines.",
    "description": "Locs.get_VerifiedCheckmark_VerifiedTooltip"
  },
  "VerifiedCheckmarkUnverifiedTooltip": {
    "message": "This plugin has not been reviewed by the Dalamud team.\nWe cannot take any responsibility for custom plugins and repositories.\nPlease make absolutely sure that you only install plugins from developers you trust.\n\nYou will not receive support for plugins installed from custom repositories on the XIVLauncher & Dalamud server.",
    "description": "Locs.get_VerifiedCheckmark_UnverifiedTooltip"
  },
  "ProfileManagerEnableDisableHint": {
    "message": "Enable/Disable this collection",
    "description": "Locs.get_TooltipEnableDisable"
  },
  "ProfileManagerInstall": {
    "message": "Install this plugin",
    "description": "Locs.get_InstallPlugin"
  },
  "ProfileManagerRemoveFromProfile": {
    "message": "Remove plugin from this collection",
    "description": "Locs.get_RemovePlugin"
  },
  "ProfileManagerAddPlugin": {
    "message": "Add a plugin!",
    "description": "Locs.get_AddPlugin"
  },
  "ProfileManagerNoPluginsInProfile": {
    "message": "Collection has no plugins!",
    "description": "Locs.get_NoPluginsInProfile"
  },
  "ProfileManagerAlwaysEnableAtBoot": {
    "message": "Always enable when game starts",
    "description": "Locs.get_AlwaysEnableAtBoot"
  },
  "ProfileManagerDeleteProfile": {
    "message": "Delete this collection",
    "description": "Locs.get_DeleteProfileHint"
  },
  "ProfileManagerCopyToClipboard": {
    "message": "Copy collection to clipboard for sharing",
    "description": "Locs.get_CopyToClipboardHint"
  },
  "ProfileManagerCopyToClipboardHint": {
    "message": "Copied to clipboard!",
    "description": "Locs.get_CopyToClipboardNotification"
  },
  "ProfileManagerBackToOverview": {
    "message": "Back to overview",
    "description": "Locs.get_BackToOverview"
  },
  "ProfileManagerSearchHint": {
    "message": "Search...",
    "description": "Locs.get_SearchHint"
  },
  "ProfileManagerAddProfileHint": {
    "message": "No collections! Add one!",
    "description": "Locs.get_AddProfileHint"
  },
  "ProfileManagerCloneProfile": {
    "message": "Clone this collection",
    "description": "Locs.get_CloneProfileHint"
  },
  "ProfileManagerEditProfile": {
    "message": "Edit this collection",
    "description": "Locs.get_EditProfileHint"
  },
  "ProfileManagerImportProfile": {
    "message": "Import a shared collection from your clipboard",
    "description": "Locs.get_ImportProfileHint"
  },
  "ProfileManagerTutorialHint": {
    "message": "Learn more about collections",
    "description": "Locs.get_TutorialHint"
  },
  "ProfileManagerAddProfile": {
    "message": "Add a new collection",
    "description": "Locs.get_AddProfile"
  },
  "ProfileManagerNotificationImportSuccess": {
    "message": "Collection successfully imported!",
    "description": "Locs.get_NotificationImportSuccess"
  },
  "ProfileManagerNotificationImportError": {
    "message": "Could not import collection.",
    "description": "Locs.get_NotificationImportError"
  },
  "ProfileManagerCouldNotRemove": {
    "message": "Could not remove plugin.",
    "description": "Locs.get_ErrorCouldNotRemove"
  },
  "ProfileManagerCouldNotChangeState": {
    "message": "Could not change plugin state.",
    "description": "Locs.get_ErrorCouldNotChangeState"
  },
  "ProfileManagerTutorial": {
    "message": "About Collections",
    "description": "Locs.get_TutorialTitle"
  },
  "ProfileManagerTutorialParagraphOne": {
    "message": "Collections are shareable lists of plugins that can be enabled or disabled in the plugin installer or via chat commands.\nWhen a plugin is part of a collection, it will be enabled if the collection is enabled. If a plugin is part of multiple collections, it will be enabled if one or more collections it is a part of are enabled.",
    "description": "Locs.get_TutorialParagraphOne"
  },
  "ProfileManagerTutorialParagraphTwo": {
    "message": "You can add plugins to collections by clicking the plus button when editing a collection on this screen, or by using the button with the toolbox icon on the \"Installed Plugins\" screen.",
    "description": "Locs.get_TutorialParagraphTwo"
  },
  "ProfileManagerTutorialParagraphThree": {
    "message": "If a collection's \"Start on boot\" checkbox is ticked, the collection and the plugins within will be enabled every time the game starts up, even if it has been manually disabled in a prior session.",
    "description": "Locs.get_TutorialParagraphThree"
  },
  "ProfileManagerTutorialParagraphFour": {
    "message": "Individual plugins inside a collection also have a checkbox next to them. This indicates if a plugin is active within that collection - if the checkbox is not ticked, the plugin will not be enabled if that collection is active. Mind that it will still be enabled if the plugin is an active part of any other collection.",
    "description": "Locs.get_TutorialParagraphFour"
  },
  "ProfileManagerTutorialCommands": {
    "message": "You can use the following commands in chat or in macros to manage active collections:",
    "description": "Locs.get_TutorialCommands"
  },
  "ProfileManagerTutorialCommandsEnable": {
    "message": "{0} \"Collection Name\" - Enable a collection",
    "description": "Locs.get_TutorialCommandsEnable"
  },
  "ProfileManagerTutorialCommandsDisable": {
    "message": "{0} \"Collection Name\" - Disable a collection",
    "description": "Locs.get_TutorialCommandsDisable"
  },
  "ProfileManagerTutorialCommandsToggle": {
    "message": "{0} \"Collection Name\" - Toggle a collection's state",
    "description": "Locs.get_TutorialCommandsToggle"
  },
  "ProfileManagerTutorialCommandsEnd": {
    "message": "If you run multiple of these commands, they will be executed in order.",
    "description": "Locs.get_TutorialCommandsEnd"
  },
  "ProfileManagerChoice1": {
    "message": "Plugin collections are a new feature that allow you to group plugins into collections which can be toggled and shared.",
    "description": "Locs.get_Choice1"
  },
  "ProfileManagerChoice2": {
    "message": "They are experimental and may still contain bugs. Do you want to enable them now?",
    "description": "Locs.get_Choice2"
  },
  "ProfileManagerChoiceConfirmation": {
    "message": "Yes, enable Plugin Collections",
    "description": "Locs.get_ChoiceConfirmation"
  },
  "ProfileManagerNotInstalled": {
    "message": "{0} (Not Installed)",
    "description": "Locs.NotInstalled"
  },
  "NotificationConstants.DefaultInitiator": {
    "message": "Dalamud",
    "description": "NotificationConstants.get_DefaultInitiator"
  },
  "NotificationConstants.UnloadedInitiatorNameFormat": {
    "message": "{0} (unloaded)",
    "description": "NotificationConstants.get_UnloadedInitiatorNameFormat"
  },
  "NotificationConstants.Title.Success": {
    "message": "Success",
    "description": "NotificationConstants.ToTitle"
  },
  "NotificationConstants.Title.Warning": {
    "message": "Warning",
    "description": "NotificationConstants.ToTitle"
  },
  "NotificationConstants.Title.Error": {
    "message": "Error",
    "description": "NotificationConstants.ToTitle"
  },
  "NotificationConstants.Title.Info": {
    "message": "Info",
    "description": "NotificationConstants.ToTitle"
  },
  "DalamudWelcome": {
    "message": "Dalamud vD{0} geladen.",
    "description": "ChatHandlers.PrintWelcomeMessage"
  },
  "PluginsWelcome": {
    "message": " {0} Plugin(s) geladen.",
    "description": "ChatHandlers.PrintWelcomeMessage"
  },
  "DalamudPluginLoaded": {
    "message": "    》 {0} v{1} geladen.",
    "description": "ChatHandlers.PrintWelcomeMessage"
  },
  "DalamudUpdated": {
    "message": "Dalamud wurde erfolgreich aktualisiert. Bitte prüfe unseren Discord-Server für weitere Informationen.",
    "description": "ChatHandlers.PrintWelcomeMessage"
  },
  "DalamudPluginUpdateCheckFail": {
    "message": "Konnte nicht auf Plugin-Aktualisierungen prüfen.",
    "description": "<>c__DisplayClass23_0.<AutoUpdatePlugins>b__1"
  },
  "DalamudPluginAutoUpdate": {
    "message": "Auto-Update:",
    "description": "<>c__DisplayClass23_0.<AutoUpdatePlugins>b__1"
  },
  "NotificationUpdatedPlugins": {
    "message": "{0} deiner Plugins wurden aktualisiert.",
    "description": "<>c__DisplayClass23_0.<AutoUpdatePlugins>b__1"
  },
  "NotificationAutoUpdate": {
    "message": "Auto-Update",
    "description": "<>c__DisplayClass23_0.<AutoUpdatePlugins>b__1"
  },
  "DalamudPluginUpdateRequired": {
    "message": "Eines oder mehrere deiner Plugins müssen aktualisiert werden. Bitte nutze das /xlplugins-Kommando, um sie zu aktualisieren.",
    "description": "<>c__DisplayClass23_0.<AutoUpdatePlugins>b__1"
  },
  "SystemMenuPlugins": {
    "message": "Dalamud Plugins",
    "description": "DalamudAtkTweaks..ctor"
  },
  "SystemMenuSettings": {
    "message": "Dalamud-Einstellungen",
    "description": "DalamudAtkTweaks..ctor"
  }
}