{
  "DateTimeSpanExtensions.RelativeFormatStringsLong": {
    "message": "172800,{0:%d} days ago\n86400,yesterday\n7200,{0:%h} hours ago\n3600,an hour ago\n120,{0:%m} minutes ago\n60,a minute ago\n2,{0:%s} seconds ago\n1,a second ago\n-Infinity,just now",
    "description": "DateTimeSpanExtensions.LocRelativePastLong"
  },
  "DateTimeSpanExtensions.RelativeFormatStringsShort": {
    "message": "86400,{0:%d}d\n3600,{0:%h}h\n60,{0:%m}m\n1,{0:%s}s\n-Infinity,now",
    "description": "DateTimeSpanExtensions.LocRelativePastShort"
  },
  "DalamudInstallerPluginChangelogHelp": {
    "message": "Open plugin changelogs",
    "description": "PluginManager.PrintUpdatedPlugins"
  },
  "DalamudPluginUpdateSuccessful": {
    "message": "    》 {0} обновлено до v{1}.",
    "description": "Locs.DalamudPluginUpdateSuccessful"
  },
  "DalamudPluginUpdateFailed": {
    "message": "    》 {0} update to v{1} failed ({2}).",
    "description": "Locs.DalamudPluginUpdateFailed"
  },
  "InstallerUpdateStatusPending": {
    "message": "Pending",
    "description": "PluginUpdateStatus.LocalizeUpdateStatusKind"
  },
  "InstallerUpdateStatusFailedDownload": {
    "message": "Download failed",
    "description": "PluginUpdateStatus.LocalizeUpdateStatusKind"
  },
  "InstallerUpdateStatusFailedUnload": {
    "message": "Unload failed",
    "description": "PluginUpdateStatus.LocalizeUpdateStatusKind"
  },
  "InstallerUpdateStatusFailedLoad": {
    "message": "Load failed",
    "description": "PluginUpdateStatus.LocalizeUpdateStatusKind"
  },
  "InstallerUpdateStatusSuccess": {
    "message": "Success",
    "description": "PluginUpdateStatus.LocalizeUpdateStatusKind"
  },
  "ProfileCommandsEnableHint": {
    "message": "Enable a collection. Usage: /xlenablecollection \"Collection Name\"",
    "description": "ProfileCommandHandler..ctor"
  },
  "ProfileCommandsDisableHint": {
    "message": "Disable a collection. Usage: /xldisablecollection \"Collection Name\"",
    "description": "ProfileCommandHandler..ctor"
  },
  "ProfileCommandsToggleHint": {
    "message": "Toggle a collection. Usage: /xltogglecollection \"Collection Name\"",
    "description": "ProfileCommandHandler..ctor"
  },
  "ProfileCommandsEnabling": {
    "message": "Enabling collection \"{0}\"...",
    "description": "ProfileCommandHandler.FrameworkOnUpdate"
  },
  "ProfileCommandsDisabling": {
    "message": "Disabling collection \"{0}\"...",
    "description": "ProfileCommandHandler.FrameworkOnUpdate"
  },
  "ProfileCommandsApplyFailed": {
    "message": "Failed to apply your collections. Please check the console for errors.",
    "description": "ProfileCommandHandler.<FrameworkOnUpdate>b__14_1"
  },
  "ProfileCommandsApplySuccess": {
    "message": "Collections applied.",
    "description": "ProfileCommandHandler.<FrameworkOnUpdate>b__14_1"
  },
  "PluginProfilesNewProfile": {
    "message": "New Collection",
    "description": "ProfileManager.AddNewProfile"
  },
  "WindowSystemContextActionPin": {
    "message": "Pin Window",
    "description": "Window.DrawInternal"
  },
  "WindowSystemContextActionClickthrough": {
    "message": "Make clickthrough",
    "description": "Window.DrawInternal"
  },
  "WindowSystemContextActionAlpha": {
    "message": "Opacity",
    "description": "Window.DrawInternal"
  },
  "WindowSystemContextActionReset": {
    "message": "Reset",
    "description": "Window.DrawInternal"
  },
  "WindowSystemContextActionClickthroughDisclaimer": {
    "message": "Open this menu again to disable clickthrough.",
    "description": "Window.DrawInternal"
  },
  "WindowSystemContextActionDisclaimer": {
    "message": "These options may not work for all plugins at the moment.",
    "description": "Window.DrawInternal"
  },
  "WindowSystemContextActionViewportDisclaimer": {
    "message": "These features are only available if this window is inside the game window.",
    "description": "Window.DrawInternal"
  },
  "DalamudUnloadHelp": {
    "message": "Выгружает внутриигровое дополнение XIVLauncher.",
    "description": "DalamudCommands..ctor"
  },
  "DalamudCmdInfoHelp": {
    "message": "Shows list of commands available. If an argument is provided, shows help for that command.",
    "description": "DalamudCommands..ctor"
  },
  "DalamudMuteHelp": {
    "message": "Запретить слово или предложение при появления в чате. Использование: /xlmute <word or sentence>",
    "description": "DalamudCommands..ctor"
  },
  "DalamudMuteListHelp": {
    "message": "Список запрещенных слов или предложений.",
    "description": "DalamudCommands..ctor"
  },
  "DalamudUnmuteHelp": {
    "message": "Разрешить слово или предложение. Использование: /xlunmute <word or sentence>",
    "description": "DalamudCommands..ctor"
  },
  "DalamudLastLinkHelp": {
    "message": "Открыть последнюю опубликованную ссылку в браузере по умолчанию.",
    "description": "DalamudCommands..ctor"
  },
  "DalamudBgmSetHelp": {
    "message": "Установить фоновую музыку в игре. Использование: /xlbgmset <BGM ID>",
    "description": "DalamudCommands..ctor"
  },
  "DalamudDevMenuHelp": {
    "message": "Вывести отладку меню разработчиков",
    "description": "DalamudCommands..ctor"
  },
  "DalamudPluginStats": {
    "message": "Draw plugin statistics window",
    "description": "DalamudCommands..ctor"
  },
  "DalamudBranchSwitcher": {
    "message": "Draw branch switcher",
    "description": "DalamudCommands..ctor"
  },
  "DalamudDevDataMenuHelp": {
    "message": "Вывести DEBUG меню данных разработчика. Использование: /xldata [Тип раскрывающегося списка данных]",
    "description": "DalamudCommands..ctor"
  },
  "DalamudDevLogHelp": {
    "message": "Открыть DEBUG журнал разработчика",
    "description": "DalamudCommands..ctor"
  },
  "DalamudInstallerHelp": {
    "message": "Открыть установщик плагинов",
    "description": "DalamudCommands..ctor"
  },
  "DalamudLanguageHelp": {
    "message": "Установить язык Dalamud и плагинов, которые это поддерживают. Доступные языки: ",
    "description": "DalamudCommands..ctor"
  },
  "DalamudSettingsHelp": {
    "message": "Измените различные настройки внутриигровых дополнений, такие как каналы чата и настройка бота Discord.",
    "description": "DalamudCommands..ctor"
  },
  "DalamudUiModeHelp": {
    "message": "Toggle Dalamud UI display modes. Native UI modifications may also be affected by this, but that depends on the plugin.",
    "description": "DalamudCommands..ctor"
  },
  "DalamudProfilerHelp": {
    "message": "Open Dalamud's startup timing profiler.",
    "description": "DalamudCommands..ctor"
  },
  "DalamudCmdHelpAvailable": {
    "message": "Доступные команды:",
    "description": "DalamudCommands.OnHelpCommand"
  },
  "DalamudCmdHelpNotFound": {
    "message": "Command not found.",
    "description": "DalamudCommands.OnHelpCommand"
  },
  "DalamudMuteNoArgs": {
    "message": "Пожалуйста, предоставьте слово для запрета.",
    "description": "DalamudCommands.OnBadWordsAddCommand"
  },
  "DalamudMuted": {
    "message": "Запрещено \"{0}\".",
    "description": "DalamudCommands.OnBadWordsAddCommand"
  },
  "DalamudNoneMuted": {
    "message": "Нет запрещенных слов или предложений.",
    "description": "DalamudCommands.OnBadWordsListCommand"
  },
  "DalamudUnmuted": {
    "message": "Удалено из запрещенных слов \"{0}\".",
    "description": "DalamudCommands.OnBadWordsRemoveCommand"
  },
  "DalamudNoLastLink": {
    "message": "Нет последней ссылки...",
    "description": "DalamudCommands.OnLastLinkCommand"
  },
  "DalamudOpeningLink": {
    "message": "Открытие {0}",
    "description": "DalamudCommands.OnLastLinkCommand"
  },
  "DalamudLanguageSetTo": {
    "message": "Установлен язык: {0}",
    "description": "DalamudCommands.OnSetLanguageCommand"
  },
  "TSMDalamudPlugins": {
    "message": "Установщик плагинов",
    "description": "<>c__DisplayClass27_0.<.ctor>b__0"
  },
  "TSMDalamudSettings": {
    "message": "Настройки Dalamud",
    "description": "<>c__DisplayClass27_0.<.ctor>b__0"
  },
  "TSMDalamudDevMenu": {
    "message": "Меню разработчика",
    "description": "<>c__DisplayClass27_0.<.ctor>b__0"
  },
  "ImGuiClipboardFunctionProviderClipboardInUse": {
    "message": "Some other application is using the clipboard. Try again later.",
    "description": "ImGuiClipboardFunctionProvider.OpenClipboardOrShowError"
  },
  "ImGuiClipboardFunctionProviderErrorCopy": {
    "message": "Failed to copy. See logs for details.",
    "description": "ImGuiClipboardFunctionProvider.SetClipboardTextImpl"
  },
  "ImGuiClipboardFunctionProviderErrorPaste": {
    "message": "Failed to paste. See logs for details.",
    "description": "ImGuiClipboardFunctionProvider.GetClipboardTextImpl"
  },
  "InstallerDevTools": {
    "message": "Инструменты разработчика",
    "description": "Locs.get_Group_DevTools"
  },
  "InstallerInstalledPlugins": {
    "message": "Установленные плагины",
    "description": "Locs.get_Group_Installed"
  },
  "InstallerAllPlugins": {
    "message": "Все плагины",
    "description": "Locs.get_Group_Available"
  },
  "InstallerChangelog": {
    "message": "Список изменений",
    "description": "Locs.get_Group_Changelog"
  },
  "InstallerCategoryAll": {
    "message": "Все",
    "description": "Locs.get_Category_All"
  },
  "InstallerCategoryIsTesting": {
    "message": "Currently Testing",
    "description": "Locs.get_Category_IsTesting"
  },
  "InstallerCategoryAvailableForTesting": {
    "message": "Testing Available",
    "description": "Locs.get_Category_AvailableForTesting"
  },
  "InstallerInstalledDevPlugins": {
    "message": "Установленные Dev плагины",
    "description": "Locs.get_Category_DevInstalled"
  },
  "InstallerCategoryPluginProfiles": {
    "message": "Plugin Collections",
    "description": "Locs.get_Category_PluginProfiles"
  },
  "InstallerCategoryOther": {
    "message": "Другое",
    "description": "Locs.get_Category_Other"
  },
  "InstallerCategoryJobs": {
    "message": "Классы",
    "description": "Locs.get_Category_Jobs"
  },
  "InstallerCategoryUI": {
    "message": "Интерфейс",
    "description": "Locs.get_Category_UI"
  },
  "InstallerCategoryMiniGames": {
    "message": "Мини игры",
    "description": "Locs.get_Category_MiniGames"
  },
  "InstallerCategoryInventory": {
    "message": "Инвентарь",
    "description": "Locs.get_Category_Inventory"
  },
  "InstallerCategorySound": {
    "message": "Звук",
    "description": "Locs.get_Category_Sound"
  },
  "InstallerCategorySocial": {
    "message": "Общение",
    "description": "Locs.get_Category_Social"
  },
  "InstallerCategoryUtility": {
    "message": "Инструменты",
    "description": "Locs.get_Category_Utility"
  },
  "InstallerCategoryPlugins": {
    "message": "Плагины",
    "description": "Locs.get_Category_Plugins"
  },
  "InstallerCategoryDalamud": {
    "message": "Dalamud",
    "description": "Locs.get_Category_Dalamud"
  },
  "DalamudGamepadModeNotifierText": {
    "message": "Режим геймпада включен. Нажмите L1+L3 для отключения, нажмите R3 для включения установщика плагинов.",
    "description": "GamepadModeNotifierWindow.Draw"
  },
  "RenameStyleModalTitle": {
    "message": "Переименовать Тему",
    "description": "StyleEditorWindow.Draw"
  },
  "StyleEditorChooseStyle": {
    "message": "Выбрать Тему:",
    "description": "StyleEditorWindow.Draw"
  },
  "StyleEditorAddNew": {
    "message": "Добавить новую тему",
    "description": "StyleEditorWindow.Draw"
  },
  "StyleEditorDeleteStyle": {
    "message": "Удалить текущую тему",
    "description": "StyleEditorWindow.Draw"
  },
  "StyleEditorRenameStyle": {
    "message": "Переименовать тему",
    "description": "StyleEditorWindow.Draw"
  },
  "StyleEditorCopy": {
    "message": "Скопировать тему в буфер обмена",
    "description": "StyleEditorWindow.Draw"
  },
  "StyleEditorImport": {
    "message": "Импорт из буфера обмена",
    "description": "StyleEditorWindow.Draw"
  },
  "StyleEditorNotAllowed": {
    "message": "Нельзя редактировать встроенные темы. Пожалуйста, добавьте сперва новую тему.",
    "description": "StyleEditorWindow.Draw"
  },
  "StyleEditorApplying": {
    "message": "Применяем тему...",
    "description": "StyleEditorWindow.Draw"
  },
  "StyleEditorVariables": {
    "message": "Переменные",
    "description": "StyleEditorWindow.Draw"
  },
  "StyleEditorColors": {
    "message": "Цвета",
    "description": "StyleEditorWindow.Draw"
  },
  "Close": {
    "message": "Закрыть",
    "description": "StyleEditorWindow.Draw"
  },
  "SaveAndClose": {
    "message": "Сохранить и закрыть",
    "description": "StyleEditorWindow.Draw"
  },
  "StyleEditorEnterName": {
    "message": "Пожалуйста, введите название этой темы.",
    "description": "StyleEditorWindow.Draw"
  },
  "DalamudSettingsHeader": {
    "message": "Настройки Dalamud",
    "description": "SettingsWindow..ctor"
  },
  "DalamudSettingsSave": {
    "message": "Save changes",
    "description": "SettingsWindow.Draw"
  },
  "DalamudSettingsSaveAndExit": {
    "message": "Save changes and close",
    "description": "SettingsWindow.Draw"
  },
  "DalamudSettingsDevPluginLocation": {
    "message": "Расположение Dev плагинов",
    "description": "DevPluginsSettingsEntry..ctor"
  },
  "DalamudSettingsChanged": {
    "message": "(Изменено)",
    "description": "DevPluginsSettingsEntry.Draw"
  },
  "DalamudSettingsDevPluginLocationsHint": {
    "message": "Add dev plugin load locations.\nThese can be either the directory or DLL path.",
    "description": "DevPluginsSettingsEntry.Draw"
  },
  "DalamudDevPluginLocationExists": {
    "message": "Такой каталог уже добавлен.",
    "description": "DevPluginsSettingsEntry.Draw"
  },
  "DalamudDevPluginInvalid": {
    "message": "The entered value is not a valid path to a potential Dev Plugin.\nDid you mean to enter it as a custom plugin repository in the fields below instead?",
    "description": "DevPluginsSettingsEntry.Draw"
  },
  "DalamudSettingsLanguage": {
    "message": "Язык",
    "description": "LanguageChooserSettingsEntry..ctor"
  },
  "DalamudSettingsLanguageHint": {
    "message": "Выберите язык, на котором будет отображаться Dalamud.",
    "description": "LanguageChooserSettingsEntry.Draw"
  },
  "DalamudSettingsCustomRepo": {
    "message": "Пользовательские репозитории плагинов",
    "description": "ThirdRepoSettingsEntry.Draw"
  },
  "DalamudSettingCustomRepoHint": {
    "message": "Добавить пользовательские репозитории плагинов.",
    "description": "ThirdRepoSettingsEntry.Draw"
  },
  "DalamudSettingCustomRepoWarningReadThis": {
    "message": "READ THIS FIRST!",
    "description": "ThirdRepoSettingsEntry.Draw"
  },
  "DalamudSettingCustomRepoWarning": {
    "message": "We cannot take any responsibility for custom plugins and repositories.",
    "description": "ThirdRepoSettingsEntry.Draw"
  },
  "DalamudSettingCustomRepoWarning5": {
    "message": "If someone told you to copy/paste something here, it's very possible that you are being scammed or taken advantage of.",
    "description": "ThirdRepoSettingsEntry.Draw"
  },
  "DalamudSettingCustomRepoWarning2": {
    "message": "Plugins have full control over your PC, like any other program, and may cause harm or crashes.",
    "description": "ThirdRepoSettingsEntry.Draw"
  },
  "DalamudSettingCustomRepoWarning4": {
    "message": "They can delete your character, steal your FC or Discord account, and burn down your house.",
    "description": "ThirdRepoSettingsEntry.Draw"
  },
  "DalamudSettingCustomRepoWarning3": {
    "message": "Please make absolutely sure that you only install plugins from developers you trust.",
    "description": "ThirdRepoSettingsEntry.Draw"
  },
  "DalamudSettingCustomRepoWarningPleaseWait": {
    "message": "Please wait {0} seconds...",
    "description": "ThirdRepoSettingsEntry.Draw"
  },
  "DalamudSettingCustomRepoWarningIReadIt": {
    "message": "Ok, I have read and understood this warning",
    "description": "ThirdRepoSettingsEntry.Draw"
  },
  "DalamudThirdRepoExists": {
    "message": "Репозиторий уже существует.",
    "description": "ThirdRepoSettingsEntry.Draw"
  },
  "DalamudThirdRepoNotUrl": {
    "message": "The entered address is not a valid URL.\nDid you mean to enter it as a DevPlugin in the fields above instead?",
    "description": "ThirdRepoSettingsEntry.Draw"
  },
  "DalamudAbout": {
    "message": "About",
    "description": "SettingsTabAbout.get_Title"
  },
  "DalamudSettingsServerInfoBar": {
    "message": "Информация о сервере",
    "description": "SettingsTabDtr.get_Title"
  },
  "DalamudSettingServerInfoBarHint": {
    "message": "Плагины могут добавить дополнительную информацию в панель Инфо Сервера (где можно увидеть название Мира и время).\nВы можете изменить их порядок или отключить их здесь.",
    "description": "SettingsTabDtr.Draw"
  },
  "DalamudSettingServerInfoBarDidNone": {
    "message": "У вас нет плагинов, которые используют эту функцию.",
    "description": "SettingsTabDtr.Draw"
  },
  "DalamudSettingServerInfoBarSpacing": {
    "message": "Отступы панели Инфо Сервера",
    "description": "SettingsTabDtr.Draw"
  },
  "DalamudSettingServerInfoBarSpacingHint": {
    "message": "Настроить размер отступа между строками в панели Инфо Сервера.",
    "description": "SettingsTabDtr.Draw"
  },
  "DalamudSettingServerInfoBarDirection": {
    "message": "Направление панели Инфо Сервера",
    "description": "SettingsTabDtr.Draw"
  },
  "DalamudSettingServerInfoBarDirectionHint": {
    "message": "Если включено, панель Инфо Сервера будет растягиваться вправо, а не влево.",
    "description": "SettingsTabDtr.Draw"
  },
  "DalamudSettingsExperimental": {
    "message": "Экспериментальные",
    "description": "SettingsTabExperimental.get_Title"
  },
  "DalamudSettingsPluginTest": {
    "message": "Получить тестовые сборки плагинов",
    "description": "SettingsTabExperimental..ctor"
  },
  "DalamudSettingsPluginTestHint": {
    "message": "Receive testing prereleases for selected plugins.\nTo opt-in to testing builds for a plugin, you have to right click it in the \"{0}\" tab of the plugin installer and select \"{1}\".",
    "description": "SettingsTabExperimental..ctor"
  },
  "DalamudSettingsPluginTestWarning": {
    "message": "Testing plugins may contain bugs or crash your game. Please only enable this if you are aware of the risks.",
    "description": "SettingsTabExperimental..ctor"
  },
  "DalamudSettingEnablePluginUIAdditionalOptions": {
    "message": "Add a button to the title bar of plugin windows to open additional options",
    "description": "SettingsTabExperimental..ctor"
  },
  "DalamudSettingEnablePluginUIAdditionalOptionsHint": {
    "message": "This will allow you to pin certain plugin windows, make them clickthrough or adjust their opacity.\nThis may not be supported by all of your plugins. Contact the plugin author if you want them to support this feature.",
    "description": "SettingsTabExperimental..ctor"
  },
  "DalamudSettingsClearHidden": {
    "message": "Очистить скрытые плагины",
    "description": "SettingsTabExperimental..ctor"
  },
  "DalamudSettingsClearHiddenHint": {
    "message": "Восстановить плагины, которые вы ранее скрыли от установщика плагинов.",
    "description": "SettingsTabExperimental..ctor"
  },
  "DalamudSettingsGeneral": {
    "message": "Общие",
    "description": "SettingsTabGeneral.get_Title"
  },
  "DalamudSettingsChannel": {
    "message": "Dalamud Chat Channel",
    "description": "SettingsTabGeneral..ctor"
  },
  "DalamudSettingsChannelHint": {
    "message": "Выберите канал чата, который будет использоваться для общих сообщений Dalamud.",
    "description": "SettingsTabGeneral..ctor"
  },
  "DalamudSettingsWaitForPluginsOnStartup": {
    "message": "Wait for plugins before game loads",
    "description": "SettingsTabGeneral..ctor"
  },
  "DalamudSettingsWaitForPluginsOnStartupHint": {
    "message": "Do not let the game load, until plugins are loaded.",
    "description": "SettingsTabGeneral..ctor"
  },
  "DalamudSettingsFlash": {
    "message": "Мигать окном FFXIV при готовности Duty Finder",
    "description": "SettingsTabGeneral..ctor"
  },
  "DalamudSettingsFlashHint": {
    "message": "Мигать окном FFXIV на панели задач, когда Duty Finder готов.",
    "description": "SettingsTabGeneral..ctor"
  },
  "DalamudSettingsDutyFinderMessage": {
    "message": "Сообщение в журнале чата при готовности Duty Finder",
    "description": "SettingsTabGeneral..ctor"
  },
  "DalamudSettingsDutyFinderMessageHint": {
    "message": "Отправить сообщение в чате FFXIV, когда Duty Finder будет готов.",
    "description": "SettingsTabGeneral..ctor"
  },
  "DalamudSettingsPrintDalamudWelcomeMsg": {
    "message": "Display Dalamud's welcome message",
    "description": "SettingsTabGeneral..ctor"
  },
  "DalamudSettingsPrintDalamudWelcomeMsgHint": {
    "message": "Display Dalamud's welcome message in FFXIV chat when logging in with a character.",
    "description": "SettingsTabGeneral..ctor"
  },
  "DalamudSettingsPrintPluginsWelcomeMsg": {
    "message": "Отображать загруженные плагины в приветственном сообщении",
    "description": "SettingsTabGeneral..ctor"
  },
  "DalamudSettingsPrintPluginsWelcomeMsgHint": {
    "message": "Отображать загруженные плагины в чате FFXIV при входе в систему персонажем.",
    "description": "SettingsTabGeneral..ctor"
  },
  "DalamudSettingsAutoUpdatePlugins": {
    "message": "Автообновление плагинов",
    "description": "SettingsTabGeneral..ctor"
  },
  "DalamudSettingsAutoUpdatePluginsMsgHint": {
    "message": "Автоматически обновлять плагины при входе в систему персонажем.",
    "description": "SettingsTabGeneral..ctor"
  },
  "DalamudSettingsSystemMenu": {
    "message": "Добавить Dalamud в системное меню",
    "description": "SettingsTabGeneral..ctor"
  },
  "DalamudSettingsSystemMenuMsgHint": {
    "message": "Добавить кнопки Dalamud для плагинов и настроек в системное меню.",
    "description": "SettingsTabGeneral..ctor"
  },
  "DalamudSettingsEnableRmtFiltering": {
    "message": "Enable RMT Filtering",
    "description": "SettingsTabGeneral..ctor"
  },
  "DalamudSettingsEnableRmtFilteringMsgHint": {
    "message": "Enable Dalamud's built-in RMT ad filtering.",
    "description": "SettingsTabGeneral..ctor"
  },
  "DalamudSettingDoMbCollect": {
    "message": "Анонимная отправка данных маркета",
    "description": "SettingsTabGeneral..ctor"
  },
  "DalamudSettingDoMbCollectHint": {
    "message": "Предоставлять анонимные данные о внутриигровой экономике сервису Universalis при просмотре Маркета. Эти данные не будут связаны с вами.",
    "description": "SettingsTabGeneral..ctor"
  },
  "DalamudSettingsChannelNone": {
    "message": "Do not pick \"None\".",
    "description": "<>c.<.ctor>b__5_2"
  },
  "DalamudSettingsVisual": {
    "message": "Внешний вид",
    "description": "SettingsTabLook.get_Title"
  },
  "DalamudSettingsGlobalUiScale": {
    "message": "Глобальное масштабирование шрифта",
    "description": "SettingsTabLook.Draw"
  },
  "DalamudSettingsFontBuildInProgressWithEndingThreeDots": {
    "message": "Building fonts...",
    "description": "SettingsTabLook.Draw"
  },
  "DalamudSettingsGlobalUiScaleHint": {
    "message": "Масштабировать текст во всех интерфейсах XIVLauncher - это полезно для дисплеев 4К.",
    "description": "SettingsTabLook.Draw"
  },
  "DalamudSettingsFontBuildFaulted": {
    "message": "Failed to load fonts as requested.",
    "description": "SettingsTabLook.Draw"
  },
  "DalamudSettingChooseDefaultFont": {
    "message": "Choose Default Font",
    "description": "SettingsTabLook.Draw"
  },
  "DalamudSettingResetDefaultFont": {
    "message": "Reset Default Font",
    "description": "SettingsTabLook.Draw"
  },
  "DalamudSettingsOpenStyleEditor": {
    "message": "Открыть редактор тем",
    "description": "SettingsTabLook..ctor"
  },
  "DalamudSettingsStyleEditorHint": {
    "message": "Изменить внешний вид Dalamud.",
    "description": "SettingsTabLook..ctor"
  },
  "DalamudSettingsUseDarkMode": {
    "message": "Use Windows immersive/dark mode",
    "description": "SettingsTabLook..ctor"
  },
  "DalamudSettingsUseDarkModeHint": {
    "message": "This will cause the FFXIV window title bar to follow your preferred Windows color settings, and switch to dark mode if enabled.",
    "description": "SettingsTabLook..ctor"
  },
  "DalamudSettingToggleUiHideOptOutNote": {
    "message": "Плагины могут самостоятельно отказаться от указанных ниже настроек.",
    "description": "SettingsTabLook..ctor"
  },
  "DalamudSettingToggleUiHide": {
    "message": "Скрыть пользовательский интерфейс плагина, когда пользовательский интерфейс игры выключен",
    "description": "SettingsTabLook..ctor"
  },
  "DalamudSettingToggleUiHideHint": {
    "message": "Скрыть все окна, открытые с помощью плагинов, при переключении игрового оверлея.",
    "description": "SettingsTabLook..ctor"
  },
  "DalamudSettingToggleUiHideDuringCutscenes": {
    "message": "Скрыть пользовательский интерфейс плагина во время кат-сцен",
    "description": "SettingsTabLook..ctor"
  },
  "DalamudSettingToggleUiHideDuringCutscenesHint": {
    "message": "Скрыть все окна, открытые плагинами, во время кат-сцен.",
    "description": "SettingsTabLook..ctor"
  },
  "DalamudSettingToggleUiHideDuringGpose": {
    "message": "Скрыть пользовательский интерфейс плагина, пока GPose активен",
    "description": "SettingsTabLook..ctor"
  },
  "DalamudSettingToggleUiHideDuringGposeHint": {
    "message": "Скрыть все открытые окна плагинами, пока активен GPose.",
    "description": "SettingsTabLook..ctor"
  },
  "DalamudSettingToggleFocusManagement": {
    "message": "Использовать esc для закрытия окон Dalamud",
    "description": "SettingsTabLook..ctor"
  },
  "DalamudSettingToggleFocusManagementHint": {
    "message": "Включение этой настройки приведет к тому, что окна Dalamud будут вести себя как внутриигровые, при нажатии на esc.\nОни будут закрываться один за другим, пока не будут закрыты все. Может не работать с некоторыми плагинами.",
    "description": "SettingsTabLook..ctor"
  },
  "DalamudSettingToggleViewports": {
    "message": "Включить многоэкранный режим",
    "description": "SettingsTabLook..ctor"
  },
  "DalamudSettingToggleViewportsHint": {
    "message": "Это позволит вам перемещать окна плагинов на другие мониторы.\nБудет работать только в оконном или оконном режиме без полей.",
    "description": "SettingsTabLook..ctor"
  },
  "DalamudSettingToggleDocking": {
    "message": "Включить стыковку окон",
    "description": "SettingsTabLook..ctor"
  },
  "DalamudSettingToggleDockingHint": {
    "message": "Это позволит вам объединять и вкладывать окна плагинов.",
    "description": "SettingsTabLook..ctor"
  },
  "DalamudSettingEnablePluginUISoundEffects": {
    "message": "Enable sound effects for plugin windows",
    "description": "SettingsTabLook..ctor"
  },
  "DalamudSettingEnablePluginUISoundEffectsHint": {
    "message": "This will allow you to enable or disable sound effects generated by plugin user interfaces.\nThis is affected by your in-game `System Sounds` volume settings.",
    "description": "SettingsTabLook..ctor"
  },
  "DalamudSettingToggleGamepadNavigation": {
    "message": "Настройка плагинов при помощи геймпада",
    "description": "SettingsTabLook..ctor"
  },
  "DalamudSettingToggleGamepadNavigationHint": {
    "message": "Это позволит Вам переключать навигацию между игрой и плагином нажатием на L1+L3.\nДля переключения окон используйте R3, если включеная навигация ImGui.",
    "description": "SettingsTabLook..ctor"
  },
  "DalamudSettingToggleTsm": {
    "message": "Показать меню на стартовом экране",
    "description": "SettingsTabLook..ctor"
  },
  "DalamudSettingToggleTsmHint": {
    "message": "Это позволит получить доступ к некоторым функциям Dalamud и плагинов со стартового экрана.",
    "description": "SettingsTabLook..ctor"
  },
  "DalamudSettingInstallerOpenDefault": {
    "message": "Open the Plugin Installer to the \"Installed Plugins\" tab by default",
    "description": "SettingsTabLook..ctor"
  },
  "DalamudSettingInstallerOpenDefaultHint": {
    "message": "This will allow you to open the Plugin Installer to the \"Installed Plugins\" tab by default, instead of the \"Available Plugins\" tab.",
    "description": "SettingsTabLook..ctor"
  },
  "DalamudSettingReducedMotion": {
    "message": "Reduce motions",
    "description": "SettingsTabLook..ctor"
  },
  "DalamudSettingReducedMotionHint": {
    "message": "This will suppress certain animations from Dalamud, such as the notification popup.",
    "description": "SettingsTabLook..ctor"
  },
  "ChangelogNoText": {
    "message": "No changelog for this version.",
    "description": "PluginChangelogEntry..ctor"
  },
  "InstallerHeader": {
    "message": "Установщик плагинов",
    "description": "Locs.get_WindowTitle"
  },
  "InstallerHeaderTesting": {
    "message": " (ТЕСТИРОВАНИЕ)",
    "description": "Locs.get_WindowTitleMod_Testing"
  },
  "InstallerHint": {
    "message": "This window allows you to install and remove Dalamud plugins.\nThey are made by the community.",
    "description": "Locs.get_Header_Hint"
  },
  "InstallerSearch": {
    "message": "Поиск",
    "description": "Locs.get_Header_SearchPlaceholder"
  },
  "InstallerAlphabetical": {
    "message": "По алфавиту",
    "description": "Locs.get_SortBy_Alphabetical"
  },
  "InstallerDownloadCount": {
    "message": "Количество загрузок",
    "description": "Locs.get_SortBy_DownloadCounts"
  },
  "InstallerLastUpdate": {
    "message": "Последнее обновление",
    "description": "Locs.get_SortBy_LastUpdate"
  },
  "InstallerNewOrNot": {
    "message": "Новое или нет",
    "description": "Locs.get_SortBy_NewOrNot"
  },
  "InstallerNotInstalled": {
    "message": "Не установлено",
    "description": "Locs.get_SortBy_NotInstalled"
  },
  "InstallerEnabledDisabled": {
    "message": "Enabled/Disabled",
    "description": "Locs.get_SortBy_EnabledDisabled"
  },
  "InstallerProfileOrNot": {
    "message": "In a collection",
    "description": "Locs.get_SortBy_ProfileOrNot"
  },
  "InstallerSortBy": {
    "message": "Сортировать по",
    "description": "Locs.get_SortBy_Label"
  },
  "InstallerLoading": {
    "message": "Загрузка плагинов...",
    "description": "Locs.get_TabBody_LoadingPlugins"
  },
  "InstallerDownloadFailed": {
    "message": "Загрузка не удалась.",
    "description": "Locs.get_TabBody_DownloadFailed"
  },
  "InstallerSafeMode": {
    "message": "Dalamud запущен в безопасном режиме, перезапустите для активации плагинов.",
    "description": "Locs.get_TabBody_SafeMode"
  },
  "InstallerNoMatching": {
    "message": "Плагины, соответствующие вашему запросу, не найдены.",
    "description": "Locs.get_TabBody_SearchNoMatching"
  },
  "InstallerNoCompatible": {
    "message": "Совместимые плагины не найдены :( Пожалуйста, перезапустите игру и попробуйте еще раз.",
    "description": "Locs.get_TabBody_SearchNoCompatible"
  },
  "InstallerNoInstalled": {
    "message": "В настоящее время плагины не установлены. Вы можете установить их на вкладке «Все плагины».",
    "description": "Locs.get_TabBody_SearchNoInstalled"
  },
  "InstallerNoChangelog": {
    "message": "Ни один из установленных плагинов не имеет списка изменений.",
    "description": "Locs.get_TabBody_ChangelogNone"
  },
  "InstallerChangelogError": {
    "message": "Could not download changelogs.",
    "description": "Locs.get_TabBody_ChangelogError"
  },
  "InstallerInstalled": {
    "message": " (установлено)",
    "description": "Locs.get_PluginTitleMod_Installed"
  },
  "InstallerDisabled": {
    "message": " (отключено)",
    "description": "Locs.get_PluginTitleMod_Disabled"
  },
  "InstallerNoService": {
    "message": " (decommissioned)",
    "description": "Locs.get_PluginTitleMod_NoService"
  },
  "InstallerUnloaded": {
    "message": " (выгружено)",
    "description": "Locs.get_PluginTitleMod_Unloaded"
  },
  "InstallerHasUpdate": {
    "message": " (есть обновление)",
    "description": "Locs.get_PluginTitleMod_HasUpdate"
  },
  "InstallerUpdated": {
    "message": " (обновлено)",
    "description": "Locs.get_PluginTitleMod_Updated"
  },
  "InstallerTestingVersion": {
    "message": " (тестовая версия)",
    "description": "Locs.get_PluginTitleMod_TestingVersion"
  },
  "InstallerTestingExclusive": {
    "message": " (testing exclusive)",
    "description": "Locs.get_PluginTitleMod_TestingExclusive"
  },
  "InstallerTestingAvailable": {
    "message": " (has testing version)",
    "description": "Locs.get_PluginTitleMod_TestingAvailable"
  },
  "InstallerDevPlugin": {
    "message": " (dev plugin)",
    "description": "Locs.get_PluginTitleMod_DevPlugin"
  },
  "InstallerUpdateFailed": {
    "message": " (обновление не удалось)",
    "description": "Locs.get_PluginTitleMod_UpdateFailed"
  },
  "InstallerLoadError": {
    "message": " (ошибка загрузки)",
    "description": "Locs.get_PluginTitleMod_LoadError"
  },
  "InstallerUnloadError": {
    "message": " (ошибка выгрузки)",
    "description": "Locs.get_PluginTitleMod_UnloadError"
  },
  "InstallerOutdatedError": {
    "message": " (устарело)",
    "description": "Locs.get_PluginTitleMod_OutdatedError"
  },
  "InstallerBannedError": {
    "message": " (отключено автоматически)",
    "description": "Locs.get_PluginTitleMod_BannedError"
  },
  "InstallerOrphanedError": {
    "message": " (unknown repository)",
    "description": "Locs.get_PluginTitleMod_OrphanedError"
  },
  "InstallerScheduledForDeletion": {
    "message": " (scheduled for deletion)",
    "description": "Locs.get_PluginTitleMod_ScheduledForDeletion"
  },
  "InstallerNewPlugin ": {
    "message": " Новое!",
    "description": "Locs.get_PluginTitleMod_New"
  },
  "InstallerTestingOptIn": {
    "message": "Receive plugin testing versions",
    "description": "Locs.get_PluginContext_TestingOptIn"
  },
  "InstallerMarkAllSeen": {
    "message": "Отметить все как просмотренные",
    "description": "Locs.get_PluginContext_MarkAllSeen"
  },
  "InstallerHidePlugin": {
    "message": "Скрыть",
    "description": "Locs.get_PluginContext_HidePlugin"
  },
  "InstallerDeletePluginConfig": {
    "message": "Reset plugin data",
    "description": "Locs.get_PluginContext_DeletePluginConfig"
  },
  "InstallerDeletePluginConfigReload": {
    "message": "Reset plugin data and reload",
    "description": "Locs.get_PluginContext_DeletePluginConfigReload"
  },
  "InstallerAuthorWithoutDownloadCount": {
    "message": " автор {0}",
    "description": "Locs.PluginBody_AuthorWithoutDownloadCount"
  },
  "InstallerAuthorWithDownloadCount": {
    "message": " by {0} ({1} downloads)",
    "description": "Locs.PluginBody_AuthorWithDownloadCount"
  },
  "InstallerAuthorWithDownloadCountUnavailable": {
    "message": " by {0}",
    "description": "Locs.PluginBody_AuthorWithDownloadCountUnavailable"
  },
  "InstallerCurrentChangeLog": {
    "message": "Changelog (v{0})",
    "description": "Locs.PluginBody_CurrentChangeLog"
  },
  "InstallerUpdateChangeLog": {
    "message": "Available update changelog (v{0})",
    "description": "Locs.PluginBody_UpdateChangeLog"
  },
  "InstallerDevPluginPath": {
    "message": "Из {0}",
    "description": "Locs.PluginBody_DevPluginPath"
  },
  "InstallerPlugin3rdPartyRepo": {
    "message": "Из пользовательского репозитория {0}",
    "description": "Locs.PluginBody_Plugin3rdPartyRepo"
  },
  "InstallerOutdatedPluginBody ": {
    "message": "This plugin is outdated and incompatible.",
    "description": "Locs.get_PluginBody_Outdated"
  },
  "InstallerOutdatedWaitForUpdate": {
    "message": "Please wait for it to be updated by its author.",
    "description": "Locs.get_PluginBody_Outdated_WaitForUpdate"
  },
  "InstallerOutdatedCanNowUpdate": {
    "message": "An update is available for installation.",
    "description": "Locs.get_PluginBody_Outdated_CanNowUpdate"
  },
  "InstallerOrphanedPluginBody ": {
    "message": "This plugin's source repository is no longer available. You may need to reinstall it from its repository, or re-add the repository.",
    "description": "Locs.get_PluginBody_Orphaned"
  },
  "InstallerNoServiceOfficialPluginBody": {
    "message": "This plugin is no longer being maintained. It will still work, but there will be no further updates and you can't reinstall it.",
    "description": "Locs.get_PluginBody_NoServiceOfficial"
  },
  "InstallerNoServiceThirdPluginBody": {
    "message": "This plugin is no longer being serviced by its source repo. You may have to look for an updated version in another repo.",
    "description": "Locs.get_PluginBody_NoServiceThird"
  },
  "InstallerLoadFailedPluginBody ": {
    "message": "This plugin failed to load. Please contact the author for more information.",
    "description": "Locs.get_PluginBody_LoadFailed"
  },
  "InstallerBannedPluginBody ": {
    "message": "This plugin was automatically disabled due to incompatibilities and is not available.",
    "description": "Locs.get_PluginBody_Banned"
  },
  "InstallerPolicyPluginBody ": {
    "message": "Plugin loads for this type of plugin were manually disabled.",
    "description": "Locs.get_PluginBody_Policy"
  },
  "InstallerBannedPluginBodyReason ": {
    "message": "Этот плагин был отключён автоматически: {0}",
    "description": "Locs.PluginBody_BannedReason"
  },
  "InstallerInstall": {
    "message": "Установить v{0}",
    "description": "Locs.PluginButton_InstallVersion"
  },
  "InstallerWorking": {
    "message": "Обработка",
    "description": "Locs.get_PluginButton_Working"
  },
  "InstallerDisable": {
    "message": "Отключить",
    "description": "Locs.get_PluginButton_Disable"
  },
  "InstallerLoad": {
    "message": "Загрузить",
    "description": "Locs.get_PluginButton_Load"
  },
  "InstallerUnload": {
    "message": "Выгрузить",
    "description": "Locs.get_PluginButton_Unload"
  },
  "InstallerSafeModeButton": {
    "message": "Can't change in safe mode",
    "description": "Locs.get_PluginButton_SafeMode"
  },
  "InstallerOpenPluginUi": {
    "message": "Open",
    "description": "Locs.get_PluginButton_OpenUi"
  },
  "InstallerOpenPluginSettings": {
    "message": "Settings",
    "description": "Locs.get_PluginButton_OpenSettings"
  },
  "InstallerTooltipOpenUi": {
    "message": "Open this plugin's interface",
    "description": "Locs.get_PluginButtonToolTip_OpenUi"
  },
  "InstallerTooltipOpenConfig": {
    "message": "Open this plugin's settings",
    "description": "Locs.get_PluginButtonToolTip_OpenConfiguration"
  },
  "InstallerPickProfiles": {
    "message": "Pick collections for this plugin",
    "description": "Locs.get_PluginButtonToolTip_PickProfiles"
  },
  "InstallerProfilesNotSupported": {
    "message": "This plugin does not support collections",
    "description": "Locs.get_PluginButtonToolTip_ProfilesNotSupported"
  },
  "InstallerStartOnBoot": {
    "message": "Запуск при старте",
    "description": "Locs.get_PluginButtonToolTip_StartOnBoot"
  },
  "InstallerAutomaticReloading": {
    "message": "Автоматическая перезагрузка",
    "description": "Locs.get_PluginButtonToolTip_AutomaticReloading"
  },
  "InstallerDeletePlugin ": {
    "message": "Удалить плагин",
    "description": "Locs.get_PluginButtonToolTip_DeletePlugin"
  },
  "InstallerDeletePluginRestricted": {
    "message": "Cannot delete right now - please restart the game.",
    "description": "Locs.get_PluginButtonToolTip_DeletePluginRestricted"
  },
  "InstallerDeletePluginScheduled": {
    "message": "Delete plugin on next restart",
    "description": "Locs.get_PluginButtonToolTip_DeletePluginScheduled"
  },
  "InstallerDeletePluginScheduledCancel": {
    "message": "Cancel scheduled deletion",
    "description": "Locs.get_PluginButtonToolTip_DeletePluginScheduledCancel"
  },
  "InstallerDeletePluginLoaded": {
    "message": "Disable this plugin before deleting it.",
    "description": "Locs.get_PluginButtonToolTip_DeletePluginLoaded"
  },
  "InstallerVisitPluginUrl": {
    "message": "Посетите страницу плагина",
    "description": "Locs.get_PluginButtonToolTip_VisitPluginUrl"
  },
  "InstallerUpdateSingle": {
    "message": "Обновлено до {0}",
    "description": "Locs.PluginButtonToolTip_UpdateSingle"
  },
  "InstallerLoadUnloadFailedTooltip": {
    "message": "Plugin load/unload failed, please restart your game and try again.",
    "description": "Locs.get_PluginButtonToolTip_UnloadFailed"
  },
  "InstallerUnloadNeedsToBeInDefault": {
    "message": "This plugin is in one or more collections. If you want to enable or disable it, please do so by enabling or disabling the collections it is in.\nIf you want to manage it manually, remove it from all collections.",
    "description": "Locs.get_PluginButtonToolTip_NeedsToBeInDefault"
  },
  "InstallerUnloadNeedsToBeInSingleProfile": {
    "message": "This plugin is in more than one collection. If you want to enable or disable it, please do so by enabling or disabling the collections it is in.\nIf you want to manage it here, make sure it is only in a single collection.",
    "description": "Locs.get_PluginButtonToolTip_NeedsToBeInSingleProfile"
  },
  "InstallerSingleProfileDisabled": {
    "message": "The collection '{0}' which contains this plugin is disabled.\nPlease enable it in the collections manager to toggle the plugin individually.",
    "description": "Locs.PluginButtonToolTip_SingleProfileDisabled"
  },
  "NotificationsPluginInstalledTitle": {
    "message": "Плагин установлен!",
    "description": "Locs.get_Notifications_PluginInstalledTitle"
  },
  "NotificationsPluginInstalled": {
    "message": "'{0}' успешно установлен.",
    "description": "Locs.Notifications_PluginInstalled"
  },
  "NotificationsPluginNotInstalledTitle": {
    "message": "Плагин не установлен!",
    "description": "Locs.get_Notifications_PluginNotInstalledTitle"
  },
  "NotificationsPluginNotInstalled": {
    "message": "Не удалось установить '{0}'.",
    "description": "Locs.Notifications_PluginNotInstalled"
  },
  "NotificationsNoUpdatesFoundTitle": {
    "message": "Обновлений не найдено!",
    "description": "Locs.get_Notifications_NoUpdatesFoundTitle"
  },
  "NotificationsNoUpdatesFound": {
    "message": "Обновлений не обнаружено.",
    "description": "Locs.get_Notifications_NoUpdatesFound"
  },
  "NotificationsUpdatesInstalledTitle": {
    "message": "Обновления установлены!",
    "description": "Locs.get_Notifications_UpdatesInstalledTitle"
  },
  "NotificationsUpdatesInstalled": {
    "message": "Установлены обновления для {0} плагинов.",
    "description": "Locs.Notifications_UpdatesInstalled"
  },
  "NotificationsPluginDisabledTitle": {
    "message": "Плагин отключён!",
    "description": "Locs.get_Notifications_PluginDisabledTitle"
  },
  "NotificationsPluginDisabled": {
    "message": "'{0}' был отключён.",
    "description": "Locs.Notifications_PluginDisabled"
  },
  "NotificationsPluginEnabledTitle": {
    "message": "Plugin enabled!",
    "description": "Locs.get_Notifications_PluginEnabledTitle"
  },
  "NotificationsPluginEnabled": {
    "message": "'{0}' was enabled.",
    "description": "Locs.Notifications_PluginEnabled"
  },
  "InstallerUpdatePlugins": {
    "message": "Обновить плагины",
    "description": "Locs.get_FooterButton_UpdatePlugins"
  },
  "InstallerUpdateSafeMode": {
    "message": "Can't update in safe mode",
    "description": "Locs.get_FooterButton_UpdateSafeMode"
  },
  "InstallerInProgress": {
    "message": "Выполняется установка...",
    "description": "Locs.get_FooterButton_InProgress"
  },
  "InstallerNoUpdates": {
    "message": "Обновлений не найдено!",
    "description": "Locs.get_FooterButton_NoUpdates"
  },
  "InstallerUpdateComplete": {
    "message": "{0} плагин(ов) обновлен(о)!",
    "description": "Locs.FooterButton_UpdateComplete"
  },
  "InstallerSettings": {
    "message": "Настройки",
    "description": "Locs.get_FooterButton_Settings"
  },
  "InstallerScanDevPlugins": {
    "message": "Сканировать Dev плагины",
    "description": "Locs.get_FooterButton_ScanDevPlugins"
  },
  "InstallerClose": {
    "message": "Закрыть",
    "description": "Locs.get_FooterButton_Close"
  },
  "UpdateQuestionModal": {
    "message": "Update Available",
    "description": "Locs.get_UpdateModal_Title"
  },
  "UpdateModalUpdateAvailable": {
    "message": "An update for \"{0}\" is available.\nDo you want to update it before enabling?\nUpdates will fix bugs and incompatibilities, and may add new features.",
    "description": "Locs.UpdateModal_UpdateAvailable"
  },
  "UpdateModalYes": {
    "message": "Update plugin",
    "description": "Locs.get_UpdateModal_Yes"
  },
  "UpdateModalNo": {
    "message": "Just enable",
    "description": "Locs.get_UpdateModal_No"
  },
  "InstallerError": {
    "message": "Ошибка установки",
    "description": "Locs.get_ErrorModal_Title"
  },
  "InstallerContactAuthor": {
    "message": "Пожалуйста, перезапустите игру и попробуйте ещё раз. Если ошибка повторяется, свяжитесь с автором плагина.",
    "description": "Locs.get_ErrorModal_InstallContactAuthor"
  },
  "InstallerInstallFail": {
    "message": "Не удалось установить плагин {0}.\n{1}",
    "description": "Locs.ErrorModal_InstallFail"
  },
  "InstallerSingleUpdateFail": {
    "message": "Failed to update plugin {0} ({1}).\n{2}",
    "description": "Locs.ErrorModal_SingleUpdateFail"
  },
  "InstallerDeleteConfigFail": {
    "message": "Не удалось сбросить плагин {0}.\n\nВозможно, плагин не поддерживает это действие. Вы можете попробовать удалить настройки вручную, выключив игру. Подробнее читайте в FAQ.",
    "description": "Locs.ErrorModal_DeleteConfigFail"
  },
  "InstallerEnableFail": {
    "message": "Не удалось включить плагин {0}.\n{1}",
    "description": "Locs.ErrorModal_EnableFail"
  },
  "InstallerDisableFail": {
    "message": "Не удалось выключить плагин {0}.\n{1}",
    "description": "Locs.ErrorModal_DisableFail"
  },
  "InstallerUnloadFail": {
    "message": "Не удалось выгрузить плагин {0}.\n{1}",
    "description": "Locs.ErrorModal_UnloadFail"
  },
  "InstallerLoadFail": {
    "message": "Не удалить загрузить плагин {0}.\n{1}",
    "description": "Locs.ErrorModal_LoadFail"
  },
  "InstallerDeleteFail": {
    "message": "Не удалось удалить плагин {0}.\n{1}",
    "description": "Locs.ErrorModal_DeleteFail"
  },
  "InstallerUpdaterFatal": {
    "message": "Не удалось обновить плагины.\nПожалуйста, перезапустите игру и попробуйте ещё раз. Если ошибка повторяется, сообщите об этом.",
    "description": "Locs.get_ErrorModal_UpdaterFatal"
  },
  "InstallerProfileApplyFail": {
    "message": "Failed to process collections.\nPlease restart your game and try again. If this error occurs again, please complain.",
    "description": "Locs.get_ErrorModal_ProfileApplyFail"
  },
  "InstallerUpdaterFail": {
    "message": "Не удалось обновить {0} плагинов.\nПожалуйста, перезапустите игру и попробуйте ещё раз. Если ошибка повторяется, сообщите об этом.",
    "description": "Locs.ErrorModal_UpdaterFail"
  },
  "InstallerUpdaterFailPartial": {
    "message": "Обновлено {0}, не удалось обновить {1} плагинов.\nПожалуйста, перезапустите игру и попробуйте ещё раз. Если ошибка повторяется, сообщите об этом.",
    "description": "Locs.ErrorModal_UpdaterFailPartial"
  },
  "InstallerErrorPluginInfo": {
    "message": "\n\nСледующие плагины вызвали эти проблемы:\n\n{0}\nВы можете попробовать удалить эти плагины вручную и переустановить их.",
    "description": "Locs.ErrorModal_HintBlame"
  },
  "InstallerFeedback": {
    "message": "Отправить отзыв",
    "description": "Locs.get_FeedbackModal_Title"
  },
  "InstallerFeedbackInfo": {
    "message": "You can send feedback to the developer of \"{0}\" here.",
    "description": "Locs.FeedbackModal_Text"
  },
  "InstallerFeedbackHasUpdate": {
    "message": "Доступна новая версия плагина, обновитесь, прежде чем сообщать об ошибках.",
    "description": "Locs.get_FeedbackModal_HasUpdate"
  },
  "InstallerFeedbackContactAnonymous": {
    "message": "Submit feedback anonymously",
    "description": "Locs.get_FeedbackModal_ContactAnonymous"
  },
  "InstallerFeedbackContactAnonymousWarning": {
    "message": "No response will be forthcoming.\nUntick \"{0}\" and provide contact information if you need help.",
    "description": "Locs.get_FeedbackModal_ContactAnonymousWarning"
  },
  "InstallerFeedbackContactInfo": {
    "message": "Контактная информация",
    "description": "Locs.get_FeedbackModal_ContactInformation"
  },
  "InstallerFeedbackContactInfoHelp": {
    "message": "Discord usernames and e-mail addresses are accepted.\nIf you submit a Discord username, please join our discord server so that we can reach out to you easier.",
    "description": "Locs.get_FeedbackModal_ContactInformationHelp"
  },
  "InstallerFeedbackContactInfoWarning": {
    "message": "Do not submit in-game character names.",
    "description": "Locs.get_FeedbackModal_ContactInformationWarning"
  },
  "InstallerFeedbackContactInfoRequired": {
    "message": "Contact information has not been provided. We require contact information to respond to questions, or to request additional information to troubleshoot problems.",
    "description": "Locs.get_FeedbackModal_ContactInformationRequired"
  },
  "ContactInformationDiscordButton": {
    "message": "Join XIVLauncher & Dalamud Discord",
    "description": "Locs.get_FeedbackModal_ContactInformationDiscordButton"
  },
  "ContactInformationDiscordUrl": {
    "message": "https://goat.place/",
    "description": "Locs.get_FeedbackModal_ContactInformationDiscordUrl"
  },
  "InstallerFeedbackIncludeLastError": {
    "message": "Включить последнее сообщение об ошибке",
    "description": "Locs.get_FeedbackModal_IncludeLastError"
  },
  "InstallerFeedbackIncludeLastErrorHint": {
    "message": "Включение этой опции отправит разработчику плагина больше информации об ошибке.",
    "description": "Locs.get_FeedbackModal_IncludeLastErrorHint"
  },
  "InstallerFeedbackHint": {
    "message": "Все разработчики плагинов смогут увидеть Ваш отзыв.\nПожалуйста, никогда не указывайте личную информацию в отзыве.\nИмя пользователя Windows может быть включено в отчёт об ошибке.\n\nОтзывы нигде не хранятся и немедленно передаются в Discord.",
    "description": "Locs.get_FeedbackModal_Hint"
  },
  "InstallerFeedbackNotificationSuccess": {
    "message": "Отзыв был отправлен!",
    "description": "Locs.get_FeedbackModal_NotificationSuccess"
  },
  "InstallerFeedbackNotificationError": {
    "message": "Не удалось отправить отзыв.",
    "description": "Locs.get_FeedbackModal_NotificationError"
  },
  "InstallerTestingWarning": {
    "message": "Warning###InstallerTestingWarning",
    "description": "Locs.get_TestingWarningModal_Title"
  },
  "InstallerTestingWarningDowngradeBody": {
    "message": "Take care! If you opt out of testing for a plugin, you will remain on the testing version until it is deleted and reinstalled, or the non-testing version of the plugin is updated.\nKeep in mind that you may lose the settings for this plugin if you downgrade manually.",
    "description": "Locs.get_TestingWarningModal_DowngradeBody"
  },
  "InstallerDeletePluginConfigWarning": {
    "message": "Warning###InstallerDeletePluginConfigWarning",
    "description": "Locs.get_DeletePluginConfigWarningModal_Title"
  },
  "InstallerDeletePluginConfigWarningBody": {
    "message": "Are you sure you want to delete all data and configuration for {0}?",
    "description": "Locs.DeletePluginConfigWarningModal_Body"
  },
  "InstallerDeletePluginConfigWarningYes": {
    "message": "Yes",
    "description": "Locs.get_DeletePluginConfirmWarningModal_Yes"
  },
  "InstallerDeletePluginConfigWarningNo": {
    "message": "No",
    "description": "Locs.get_DeletePluginConfirmWarningModal_No"
  },
  "DalamudPluginUpdates": {
    "message": "Обновления:",
    "description": "Locs.get_PluginUpdateHeader_Chatbox"
  },
  "OK": {
    "message": "ОК",
    "description": "Locs.get_ErrorModalButton_Ok"
  },
  "SafeModeDisclaimer": {
    "message": "You enabled safe mode, no plugins will be loaded.\nYou may delete plugins from the \"Installed plugins\" tab.\nSimply restart your game to disable safe mode.",
    "description": "Locs.get_SafeModeDisclaimer"
  },
  "InstallerProfilesCouldNotAdd": {
    "message": "Couldn't add plugin to this collection.",
    "description": "Locs.get_Profiles_CouldNotAdd"
  },
  "InstallerProfilesCouldNotRemove": {
    "message": "Couldn't remove plugin from this collection.",
    "description": "Locs.get_Profiles_CouldNotRemove"
  },
  "InstallerProfilesNone": {
    "message": "No collections! Go add some in \"Plugin Collections\"!",
    "description": "Locs.get_Profiles_None"
  },
  "InstallerProfilesRemoveFromAll": {
    "message": "Remove from all collections",
    "description": "Locs.get_Profiles_RemoveFromAll"
  },
  "VerifiedCheckmarkVerifiedTooltip": {
    "message": "This plugin has been reviewed by the Dalamud team.\nIt follows our technical and safety criteria, and adheres to our guidelines.",
    "description": "Locs.get_VerifiedCheckmark_VerifiedTooltip"
  },
  "VerifiedCheckmarkUnverifiedTooltip": {
    "message": "This plugin has not been reviewed by the Dalamud team.\nWe cannot take any responsibility for custom plugins and repositories.\nPlease make absolutely sure that you only install plugins from developers you trust.\n\nYou will not receive support for plugins installed from custom repositories on the XIVLauncher & Dalamud server.",
    "description": "Locs.get_VerifiedCheckmark_UnverifiedTooltip"
  },
  "ProfileManagerEnableDisableHint": {
    "message": "Enable/Disable this collection",
    "description": "Locs.get_TooltipEnableDisable"
  },
  "ProfileManagerInstall": {
    "message": "Install this plugin",
    "description": "Locs.get_InstallPlugin"
  },
  "ProfileManagerRemoveFromProfile": {
    "message": "Remove plugin from this collection",
    "description": "Locs.get_RemovePlugin"
  },
  "ProfileManagerAddPlugin": {
    "message": "Add a plugin!",
    "description": "Locs.get_AddPlugin"
  },
  "ProfileManagerNoPluginsInProfile": {
    "message": "Collection has no plugins!",
    "description": "Locs.get_NoPluginsInProfile"
  },
  "ProfileManagerAlwaysEnableAtBoot": {
    "message": "Always enable when game starts",
    "description": "Locs.get_AlwaysEnableAtBoot"
  },
  "ProfileManagerDeleteProfile": {
    "message": "Delete this collection",
    "description": "Locs.get_DeleteProfileHint"
  },
  "ProfileManagerCopyToClipboard": {
    "message": "Copy collection to clipboard for sharing",
    "description": "Locs.get_CopyToClipboardHint"
  },
  "ProfileManagerCopyToClipboardHint": {
    "message": "Copied to clipboard!",
    "description": "Locs.get_CopyToClipboardNotification"
  },
  "ProfileManagerBackToOverview": {
    "message": "Back to overview",
    "description": "Locs.get_BackToOverview"
  },
  "ProfileManagerSearchHint": {
    "message": "Search...",
    "description": "Locs.get_SearchHint"
  },
  "ProfileManagerAddProfileHint": {
    "message": "No collections! Add one!",
    "description": "Locs.get_AddProfileHint"
  },
  "ProfileManagerCloneProfile": {
    "message": "Clone this collection",
    "description": "Locs.get_CloneProfileHint"
  },
  "ProfileManagerEditProfile": {
    "message": "Edit this collection",
    "description": "Locs.get_EditProfileHint"
  },
  "ProfileManagerImportProfile": {
    "message": "Import a shared collection from your clipboard",
    "description": "Locs.get_ImportProfileHint"
  },
  "ProfileManagerTutorialHint": {
    "message": "Learn more about collections",
    "description": "Locs.get_TutorialHint"
  },
  "ProfileManagerAddProfile": {
    "message": "Add a new collection",
    "description": "Locs.get_AddProfile"
  },
  "ProfileManagerNotificationImportSuccess": {
    "message": "Collection successfully imported!",
    "description": "Locs.get_NotificationImportSuccess"
  },
  "ProfileManagerNotificationImportError": {
    "message": "Could not import collection.",
    "description": "Locs.get_NotificationImportError"
  },
  "ProfileManagerCouldNotRemove": {
    "message": "Could not remove plugin.",
    "description": "Locs.get_ErrorCouldNotRemove"
  },
  "ProfileManagerCouldNotChangeState": {
    "message": "Could not change plugin state.",
    "description": "Locs.get_ErrorCouldNotChangeState"
  },
  "ProfileManagerTutorial": {
    "message": "About Collections",
    "description": "Locs.get_TutorialTitle"
  },
  "ProfileManagerTutorialParagraphOne": {
    "message": "Collections are shareable lists of plugins that can be enabled or disabled in the plugin installer or via chat commands.\nWhen a plugin is part of a collection, it will be enabled if the collection is enabled. If a plugin is part of multiple collections, it will be enabled if one or more collections it is a part of are enabled.",
    "description": "Locs.get_TutorialParagraphOne"
  },
  "ProfileManagerTutorialParagraphTwo": {
    "message": "You can add plugins to collections by clicking the plus button when editing a collection on this screen, or by using the button with the toolbox icon on the \"Installed Plugins\" screen.",
    "description": "Locs.get_TutorialParagraphTwo"
  },
  "ProfileManagerTutorialParagraphThree": {
    "message": "If a collection's \"Start on boot\" checkbox is ticked, the collection and the plugins within will be enabled every time the game starts up, even if it has been manually disabled in a prior session.",
    "description": "Locs.get_TutorialParagraphThree"
  },
  "ProfileManagerTutorialParagraphFour": {
    "message": "Individual plugins inside a collection also have a checkbox next to them. This indicates if a plugin is active within that collection - if the checkbox is not ticked, the plugin will not be enabled if that collection is active. Mind that it will still be enabled if the plugin is an active part of any other collection.",
    "description": "Locs.get_TutorialParagraphFour"
  },
  "ProfileManagerTutorialCommands": {
    "message": "You can use the following commands in chat or in macros to manage active collections:",
    "description": "Locs.get_TutorialCommands"
  },
  "ProfileManagerTutorialCommandsEnable": {
    "message": "{0} \"Collection Name\" - Enable a collection",
    "description": "Locs.get_TutorialCommandsEnable"
  },
  "ProfileManagerTutorialCommandsDisable": {
    "message": "{0} \"Collection Name\" - Disable a collection",
    "description": "Locs.get_TutorialCommandsDisable"
  },
  "ProfileManagerTutorialCommandsToggle": {
    "message": "{0} \"Collection Name\" - Toggle a collection's state",
    "description": "Locs.get_TutorialCommandsToggle"
  },
  "ProfileManagerTutorialCommandsEnd": {
    "message": "If you run multiple of these commands, they will be executed in order.",
    "description": "Locs.get_TutorialCommandsEnd"
  },
  "ProfileManagerChoice1": {
    "message": "Plugin collections are a new feature that allow you to group plugins into collections which can be toggled and shared.",
    "description": "Locs.get_Choice1"
  },
  "ProfileManagerChoice2": {
    "message": "They are experimental and may still contain bugs. Do you want to enable them now?",
    "description": "Locs.get_Choice2"
  },
  "ProfileManagerChoiceConfirmation": {
    "message": "Yes, enable Plugin Collections",
    "description": "Locs.get_ChoiceConfirmation"
  },
  "ProfileManagerNotInstalled": {
    "message": "{0} (Not Installed)",
    "description": "Locs.NotInstalled"
  },
  "NotificationConstants.DefaultInitiator": {
    "message": "Dalamud",
    "description": "NotificationConstants.get_DefaultInitiator"
  },
  "NotificationConstants.UnloadedInitiatorNameFormat": {
    "message": "{0} (unloaded)",
    "description": "NotificationConstants.get_UnloadedInitiatorNameFormat"
  },
  "NotificationConstants.Title.Success": {
    "message": "Success",
    "description": "NotificationConstants.ToTitle"
  },
  "NotificationConstants.Title.Warning": {
    "message": "Warning",
    "description": "NotificationConstants.ToTitle"
  },
  "NotificationConstants.Title.Error": {
    "message": "Error",
    "description": "NotificationConstants.ToTitle"
  },
  "NotificationConstants.Title.Info": {
    "message": "Info",
    "description": "NotificationConstants.ToTitle"
  },
  "DalamudWelcome": {
    "message": "Dalamud vD{0} загружен.",
    "description": "ChatHandlers.PrintWelcomeMessage"
  },
  "PluginsWelcome": {
    "message": " {0} плагин(ов) загружен(о).",
    "description": "ChatHandlers.PrintWelcomeMessage"
  },
  "DalamudPluginLoaded": {
    "message": "    》 {0} v{1} загружен.",
    "description": "ChatHandlers.PrintWelcomeMessage"
  },
  "DalamudUpdated": {
    "message": "Dalamud успешно обновлён! С полным списком изменений можно ознакомиться в Discord.",
    "description": "ChatHandlers.PrintWelcomeMessage"
  },
  "DalamudPluginUpdateCheckFail": {
    "message": "Не удалось проверить наличие обновлений плагина.",
    "description": "<>c__DisplayClass23_0.<AutoUpdatePlugins>b__1"
  },
  "DalamudPluginAutoUpdate": {
    "message": "Автоматическое обновление:",
    "description": "<>c__DisplayClass23_0.<AutoUpdatePlugins>b__1"
  },
  "NotificationUpdatedPlugins": {
    "message": "{0} плагинов было обновлено.",
    "description": "<>c__DisplayClass23_0.<AutoUpdatePlugins>b__1"
  },
  "NotificationAutoUpdate": {
    "message": "Автоматическое обновление",
    "description": "<>c__DisplayClass23_0.<AutoUpdatePlugins>b__1"
  },
  "DalamudPluginUpdateRequired": {
    "message": "Необходимо обновить один или несколько ваших плагинов. Пожалуйста, используйте команду /xlplugins в игре, чтобы обновить их!",
    "description": "<>c__DisplayClass23_0.<AutoUpdatePlugins>b__1"
  },
  "SystemMenuPlugins": {
    "message": "Плагины Dalamud",
    "description": "DalamudAtkTweaks..ctor"
  },
  "SystemMenuSettings": {
    "message": "Настройки Dalamud",
    "description": "DalamudAtkTweaks..ctor"
  }
}