[
  {
    "Name": "PingPlugin",
    "AssemblyVersion": "1.11.0.0"
  },
  {
    "Name": "FPSPlugin",
    "AssemblyVersion": "1.4.2.0"
  },
  {
    "Name": "SonarPlugin",
    "AssemblyVersion": "0.1.3.1"
  },
  {
    "Name": "BurntToast",
    "AssemblyVersion": "1.2.0"
  },
  {
    "Name": "VFXEditor",
    "AssemblyVersion": "1.3.2.3"
  },
  {
    "Name": "EasyEyes",
    "AssemblyVersion": "1.0.1.0"
  },
  {
    "Name": "DamageInfoPlugin",
    "AssemblyVersion": "2.3.0.1"
  },
  {
    "Name": "TextToTalk",
    "AssemblyVersion": "1.8.10.0"
  },
  {
    "Name": "RepairMe",
    "AssemblyVersion": "0.1.1.2"
  },
  {
    "Name": "DelvUI",
    "AssemblyVersion": "0.2.0.0"
  },
  {
    "Name": "MacroRecursion",
    "AssemblyVersion": "2.0.2.0",
    "Reason": "Please delete this version of Macro Chain and download it again from the available tab."
  },
  {
    "Name": "SlideCast",
    "AssemblyVersion": "0.7.0.0",
    "Reason": "SlideCast has been deprecated, please use the Cast Bar Adjustments tweak from SimpleTweaks."
  },
  {
    "Name": "SoundFilter",
    "AssemblyVersion": "1.4.3.0"
  },
  {
    "Name": "NoKillPlugin",
    "AssemblyVersion": "1.0.2.1"
  },
  {
    "Name": "MarketBoardPlugin",
    "AssemblyVersion": "0.5.1.0"
  },
  {
    "Name": "faderPlugin",
    "AssemblyVersion": "1.0.2.0"
  },
  {
    "Name": "ChatTranslator",
    "AssemblyVersion": "1.2.1.0"
  },
  {
    "Name": "Penumbra",
    "AssemblyVersion": "0.4.6.6"
  },
  {
    "Name": "ItemSearchPlugin",
    "AssemblyVersion": "1.8.2.2"
  },
  {
    "Name": "Waitingway.Dalamud",
    "AssemblyVersion": "1.2.0",
    "Reason": "Requested by Ava. Download the new/current version."
  },
  {
    "Name": "JobBars",
    "AssemblyVersion": "1.2.1.0"
  },
  {
    "Name": "SoundSetter",
    "AssemblyVersion": "1.5.5.0"
  },
  {
    "Name": "EngageTimer",
    "AssemblyVersion": "2.2.0.1"
  },
  {
    "Name": "Echoglossian",
    "AssemblyVersion": "2.2.2112.131"
  },
  {
    "Name": "MountCollectioner",
    "AssemblyVersion": "1.0.1.0"
  },
  {
    "Name": "OopsAllLalafells",
    "AssemblyVersion": "1.3.0"
  },
  {
    "Name": "EnemyListDebuffs",
    "AssemblyVersion": "0.3.3.0"
  },
  {
    "Name": "EB40F8A76F57D9EFD8F751229F0163BE5C64B2E376B329622527A0B04CDAE5E6",
    "AssemblyVersion": "0.4.0.7"
  },
  {
    "Name": "RezPls",
    "AssemblyVersion": "1.2.3.0"
  },
  {
    "Name": "TitleEdit",
    "AssemblyVersion": "2.2.6.4"
  },
  {
    "Name": "6F3F2D2BE3F289693A94A582558A88753F809A7DBC9F6061F488174AEA549E9B",
    "AssemblyVersion": "1.0.5.5"
  },
  {
    "Name": "TeleporterPlugin",
    "AssemblyVersion": "2.0.1.5"
  },
  {
    "Name": "554EE42A86CE631574439D2BD827F8C0685C5F94DA760D600EFB6615B43ACC1F",
    "AssemblyVersion": "2.0.3.2"
  },
  {
    "Name": "GatherBuddy",
    "AssemblyVersion": "3.0.5.1"
  },
  {
    "Name": "MOAction",
    "AssemblyVersion": "4.2.5"
  },
  {
    "Name": "HUDManager",
    "AssemblyVersion": "2.5.6.3"
  },
  {
    "Name": "SimpleTweaksPlugin",
    "AssemblyVersion": "1.8.3.0"
  },
  {
    "Name": "PartyListLayout",
    "AssemblyVersion": "0.3.4.0"
  },
  {
    "Name": "NamePlateDebuffs",
    "AssemblyVersion": "0.5.6.0"
  },
  {
    "Name": "Dalamud.FindAnything",
    "AssemblyVersion": "1.0.1.7"
  },
  {
    "Name": "Compass",
    "AssemblyVersion": "1.20.1"
  },
  {
    "Name": "ARealmRecorded",
    "AssemblyVersion": "0.4.1.0"
  },
  {
    "Name": "Glamaholic",
    "AssemblyVersion": "1.9.8.0"
  },
  {
    "Name": "Tourist",
    "AssemblyVersion": "1.2.11",
    "Reason": "This plugin currently causes crashes and needs to be updated by its author."
  },
  {
    "Name": "PlayerTrack",
    "AssemblyVersion": "3.3.1.0",
    "Reason": "Update for API improvements."
  },
  {
    "Name": "CharacterPanelRefined",
    "AssemblyVersion": "1.6.0.0"
  },
  {
    "Name": "KikoGuide",
    "AssemblyVersion": "1.5.0.2"
  },
  {
    "Name": "DeepDungeonDex",
    "AssemblyVersion": "2.5.0.0",
    "Reason": "Please update this plugin to use it."
  },
  {
    "Name": "05ED51D55298A2BC711689A19869A0AA48BF0B3C25BE1BAF60FAFBEFD7ED0342",
    "AssemblyVersion": "1.1.2.1"
  },
  {
    "Name": "orchestrion",
    "AssemblyVersion": "1.8.4.5"
  },
  {
    "Name": "HuntBuddy",
    "AssemblyVersion": "1.0.5.0",
    "Reason": "Version 1.0.5.0 is bugged. Please update the plugin to continue using it."
  },
  {
    "Name": "DailyDuty",
    "AssemblyVersion": "3.2.1.2"
  },
  {
    "Name": "XIVCombo",
    "AssemblyVersion": "1.7.21.0"
  },
  {
    "Name": "TargetFurniture",
    "AssemblyVersion": "1.0.1.5"
  },
  {
    "Name": "Housemate",
    "AssemblyVersion": "1.0.2.8"
  },
  {
    "Name": "Compass",
    "AssemblyVersion": "1.26.2"
  },
  {
    "Name": "OrangeGuidanceTomestone",
    "AssemblyVersion": "1.6.3.0"
  },
  {
    "Name": "E612C21D61F2AF12044F1D4E52E3249814128CDC6086D6EFB66449279F3D5496",
    "AssemblyVersion": "0.9.29",
    "Reason": "Loading/Updating issue from 0.9.29 to next versions"
  },
  {
    "Name": "DailyDuty",
    "AssemblyVersion": "3.2.4.2",
    "Reason": "Requires Dalamud Assets that aren't released yet"
  },
  {
    "Name": "InventoryTools",
    "AssemblyVersion": "1.3.1.0",
    "Reason": "Please update this plugin to use it."
  },
  {
    "Name": "GatherBuddy",
    "AssemblyVersion": "3.2.1.5",
    "Reason": "Please update this plugin to use it."
  },
  {
    "Name": "InventorySearchBar",
    "AssemblyVersion": "1.1.0.2",
    "Reason": "Please update this plugin to use it."
  },
  {
    "Name": "CrossUp",
    "AssemblyVersion": "0.3.3.4",
    "Reason": "This plugin is outdated and will need to be updated its author."
  },
  {
    "Name": "CrossUp",
    "AssemblyVersion": "1.7.0.0",
    "Reason": "This plugin is outdated and will need to be updated its author."
  },
  {
    "Name": "CrossUp",
    "AssemblyVersion": "1.7.0.1",
    "Reason": "This plugin is outdated and will need to be updated its author."
  },
  {
    "Name": "HUDManager",
    "AssemblyVersion": "2.5.11.0",
    "Reason": "This plugin is outdated and will need to be updated its author."
  },
  {
    "Name": "KitchenSync",
    "AssemblyVersion": "1.1.1.3",
    "Reason": "This plugin is depricated, and is now a SimpleTweak."
  },
  {
    "Name": "SubmarineTracker",
    "AssemblyVersion": "0.0.7.0",
    "Reason": "Crash on startup."
  },
  {
    "Name": "SimpleTweaksPlugin",
    "AssemblyVersion": "1.8.7.0"
  },
  {
    "Name": "AutoMammet",
    "AssemblyVersion": "1.3.0.0"
  },
  {
    "Name": "CrossUp",
    "AssemblyVersion": "0.4.3.2",
    "Reason": "This plugin is outdated and will need to be updated by its author."
  },
  {
    "Name": "Visibility",
    "AssemblyVersion": "1.1.4.8",
    "Reason": "Not yet working with Patch 6.4 (CS)."
  },
  {
    "Name": "DelvUI",
    "AssemblyVersion": "1.6.2.1"
  },
  {
    "Name": "EnemyListDebuffs",
    "AssemblyVersion": "0.3.7.0",
    "Reason": "Not yet working with Patch 6.4 (CS?)."
  },
  {
    "Name": "ChatBubbles",
    "AssemblyVersion": "2.1.3.1"
  },
  {
    "Name": "AD93155F9CE43A9475439AF6DC639023A797197EE22A4F3FE3D2F9D0B996DFD9",
    "AssemblyVersion": "0.7.0.15",
    "Reason": "Crashes with Patch 6.4"
  },
  {
    "Name": "2128B3DC12F26BFE22CA0B14171DCE7448016F9BACBED0DC2526B57483FAB743",
    "AssemblyVersion": "0.1.1.5",
    "Reason": "Crashes with Patch 6.4"
  },
  {
    "Name": "SubmarineTracker",
    "AssemblyVersion": "1.8.0.7"
  },
  {
    "Name": "BlueMageHelper",
    "AssemblyVersion": "2.0.5.1"
  },
  {
    "Name": "ItemVendorLocation",
    "AssemblyVersion": "2.2.0.1"
  },
  {
    "Name": "HighFpsPhysicsPlugin",
    "AssemblyVersion": "7.1.0.0"
  },
  {
    "Name": "BetterMountRoulette",
    "AssemblyVersion": "1.2.0.11"
  },
  {
    "Name": "Dalamud.LoadingImage",
    "AssemblyVersion": "1.0.0.10"
  },
  {
    "Name": "NamePlateDebuffs",
    "AssemblyVersion": "1.0.1.1"
  },
  {
    "Name": "ProperHousing",
    "AssemblyVersion": "1.1.1.0"
  },
  {
    "Name": "Redirect",
    "AssemblyVersion": "1.2.2.0"
  },
  {
    "Name": "SoundSetter",
    "AssemblyVersion": "1.7.1.0"
  },
  {
    "Name": "JobBars",
    "AssemblyVersion": "1.2.3.7",
    "Reason": "Crashes with Patch 6.45 under certain scenarios"
  },
  {
    "Name": "ChatTwo",
    "AssemblyVersion": "1.27.1.0"
  },
  {
    "Name": "BetterShadows",
    "AssemblyVersion": "1.1.4.0"
  },
  {
    "Name": "UsedName",
    "AssemblyVersion": "0.8.2.3"
  },
  {
    "Name": "Distance",
    "AssemblyVersion": "1.0.1.2"
  },
  {
    "Name": "FCNameColor",
    "AssemblyVersion": "4.0.0.0"
  },
  {
    "Name": "PartyIcons",
    "AssemblyVersion": "1.1.3.1"
  },
  {
    "Name": "GoodFriend",
    "AssemblyVersion": "3.3.2.0",
    "Reason": "Update the plugin to continue using GoodFriend"
  },
  {
    "Name": "Wholist",
    "AssemblyVersion": "1.2.0.0"
  },
  {
    "Name": "MOAction",
    "AssemblyVersion": "4.2.13.0"
  },
  {
    "Name": "PeepingTom",
    "AssemblyVersion": "1.7.13"
  },
  {
    "Name": "D7DD759894DB06FCC38E781614FB37C97F535021927CDF7EF8BE8FE04E7A7A77",
    "AssemblyVersion": "2.0.2.3"
  },
  {
    "Name": "Namingway",
    "AssemblyVersion": "1.1.9.0"
  },
  {
    "Name": "ActionTimeline",
    "AssemblyVersion": "1.1.0.0"
  },
  {
    "Name": "ReadyCheckHelper",
    "AssemblyVersion": "1.0.4.2"
  },
  {
    "Name": "92D0F7F3C97C65BD0106631009402C8C04AA5F4E112B5586635CB8DD1033A296",
    "AssemblyVersion": "0.0.1.7"
  },
  {
    "Name": "CrossUp",
    "AssemblyVersion": "1.0.0.0"
  },
  {
    "Name": "PriceInsight",
    "AssemblyVersion": "2.5.0.0"
  },
  {
    "Name": "CurrencyTracker",
    "AssemblyVersion": "1.1.1.2",
    "Reason": "crashes when UI open for ten minutes"
  },
  {
    "Name": "B778B7FD16CA72AC1EA7A0F28A099D46948B4A732B6F08F12E4C5861041FE87B",
    "AssemblyVersion": "1.2.0.3"
  },
  {
    "Name": "BetterMountRoulette",
    "AssemblyVersion": "1.2.0.13"
  },
  {
    "Name": "AD93155F9CE43A9475439AF6DC639023A797197EE22A4F3FE3D2F9D0B996DFD9",
    "AssemblyVersion": "0.8.1.0"
  },
  {
    "Name": "Honorific",
    "AssemblyVersion": "1.2.2.0"
  },
  {
    "Name": "AD93155F9CE43A9475439AF6DC639023A797197EE22A4F3FE3D2F9D0B996DFD9",
    "AssemblyVersion": "0.8.1.6"
  },
  {
    "Name": "TrackyTrack",
    "AssemblyVersion": "1.4.0.3"
  },
  {
    "Name": "rtyping",
    "AssemblyVersion": "0.1.0.0"
  },
  {
    "Name": "ItemIcons",
    "AssemblyVersion": "0.4.0.0"
  },
  {
    "Name": "scoutHelper",
    "AssemblyVersion": "0.2.1.0"
  },
  {
    "Name": "CurrencyTracker",
    "AssemblyVersion": "1.3.4.0",
    "Reason": "causes game crash"
  },
  {
    "Name": "DutyTracker",
    "AssemblyVersion": "1.0.1.7",
    "Reason": "Potential crash to desktop"
  },
  {
    "Name": "TickTracker",
    "AssemblyVersion": "1.4.0.0",
    "Reason": "Corrupts native texture"
  },
  {
    "Name": "E0BAD217DCA48D9F3E1210B44AE5570DEB174FDAF1774A231F4B29E0F2B0A396",
    "AssemblyVersion": "1.0.0.13"
  },
  {
    "Name": "Browsingway",
    "AssemblyVersion": "1.5.6.0",
    "Reason": "Needs update from developer."
  },
  {
    "Name": "MBHistory",
    "AssemblyVersion": "1.0.0.2",
    "Reason": "Needs to be updated."
  },
  {
    "Name": "ChatTranslated",
    "AssemblyVersion": "1.4.1.5",
    "Reason": "API changes."
  } 
]
